id;data_inversa;dia_semana;horario;br;km;municipio;causa_acidente;tipo_acidente;classificacao_acidente;fase_dia;sentido_via;condicao_metereologica;tipo_pista;tracado_via;uso_solo;pessoas;mortos;feridos_leves;feridos_graves;ilesos;ignorados;feridos;veiculos;latitude;longitude
234606.0;2019-09-10;terça-feira;21:00:00;101.0;214.0;IBIRACU;Falta de Atenção do Pedestre;Atropelamento de Pedestre;Com Vítimas Feridas;Plena Noite;Crescente;Céu Claro;Simples;Reta;1;2;0;1;0;1;0;1;1;-19.82999;-40.37211
234632.0;2019-09-11;quarta-feira;02:20:00;262.0;3.8;CARIACICA;Condutor Dormindo;Capotamento;Sem Vítimas;Plena Noite;Crescente;Nublado;Múltipla;Interseção de vias;1;1;0;0;0;1;0;0;1;-20.33549;-40.37547
234638.0;2019-09-11;quarta-feira;05:00:00;101.0;423.0;ATILIO VIVACQUA;Condutor Dormindo;Saída de leito carroçável;Com Vítimas Feridas;Amanhecer;Decrescente;Nublado;Simples;Curva;0;1;0;1;0;0;0;1;1;-20.98875;-41.11847
234658.0;2019-09-11;quarta-feira;07:40:00;101.0;181.0;ARACRUZ;Desobediência às normas de trânsito pelo condutor;Colisão com objeto estático;Com Vítimas Feridas;Pleno dia;Crescente;Céu Claro;Simples;Reta;0;1;0;1;0;0;0;1;1;-19.63125;-40.22615
234729.0;2019-09-11;quarta-feira;15:25:00;101.0;148.1;LINHARES;Desobediência às normas de trânsito pelo pedestre;Atropelamento de Pedestre;Com Vítimas Feridas;Pleno dia;Decrescente;Sol;Simples;Curva;1;2;0;0;1;1;0;1;1;-19.38787;-40.06753
234738.0;2019-09-11;quarta-feira;15:00:00;262.0;172.0;IRUPI;Falta de Atenção à Condução;Tombamento;Com Vítimas Feridas;Pleno dia;Crescente;Sol;Simples;Reta;0;3;0;2;0;1;0;2;2;-20.26659;-41.60261
234763.0;2019-09-11;quarta-feira;18:30:00;482.0;62.0;JERONIMO MONTEIRO;Desobediência às normas de trânsito pelo condutor;Colisão frontal;Com Vítimas Feridas;Anoitecer;Decrescente;Céu Claro;Simples;Reta;1;4;0;1;3;0;0;4;2;-20.79349;-41.3791
234809.0;2019-09-11;quarta-feira;22:25:00;101.0;264.5;SERRA;Desobediência às normas de trânsito pelo condutor;Colisão transversal;Com Vítimas Feridas;Plena Noite;Decrescente;Céu Claro;Múltipla;Reta;1;3;0;1;0;2;0;1;2;-20.17866;-40.2654
234816.0;2019-09-11;quarta-feira;23:00:00;262.0;1.0;VITORIA;Falta de Atenção à Condução;Colisão lateral;Com Vítimas Feridas;Plena Noite;Crescente;Céu Claro;Simples;Reta;0;4;0;2;0;1;1;2;2;-20.32955;-40.354929999999996
234835.0;2019-09-12;quinta-feira;04:20:00;101.0;163.9;LINHARES;Condutor Dormindo;Tombamento;Com Vítimas Feridas;Amanhecer;Crescente;Nublado;Simples;Reta;0;1;0;0;1;0;0;1;1;-19.50507;-40.133959999999995
234856.0;2019-09-12;quinta-feira;09:15:00;101.0;2.0;SERRA;Falta de Atenção à Condução;Colisão traseira;Com Vítimas Feridas;Pleno dia;Crescente;Sol;Dupla;Reta;1;2;0;1;0;0;1;1;2;-20.129089999999998;-40.30812
234920.0;2019-09-12;quinta-feira;14:50:00;101.0;295.8;CARIACICA;Falta de Atenção à Condução;Colisão traseira;Sem Vítimas;Pleno dia;Crescente;Céu Claro;Dupla;Reta;1;3;0;0;0;3;0;0;2;-20.33224;-40.40005
234923.0;2019-09-12;quinta-feira;15:00:00;262.0;103.9;VENDA NOVA DO IMIGRANTE;Ingestão de Álcool;Colisão traseira;Sem Vítimas;Pleno dia;Crescente;Céu Claro;Simples;Reta;1;2;0;0;0;2;0;0;2;-20.33343;-41.12908
234940.0;2019-09-12;quinta-feira;16:40:00;101.0;67.0;SAO MATEUS;Falta de Atenção à Condução;Colisão lateral;Com Vítimas Feridas;Pleno dia;Decrescente;Céu Claro;Múltipla;Reta;1;2;0;1;0;1;0;1;2;-18.72054;-39.86589
234949.0;2019-09-12;quinta-feira;18:10:00;101.0;125.0;SOORETAMA;Desobediência às normas de trânsito pelo condutor;Colisão frontal;Com Vítimas Fatais;Plena Noite;Decrescente;Céu Claro;Simples;Reta;0;2;1;0;0;1;0;0;2;-19.186120000000003;-40.09445
234953.0;2019-09-12;quinta-feira;18:20:00;101.0;135.5;LINHARES;Falta de Atenção do Pedestre;Atropelamento de Pedestre;Com Vítimas Feridas;Anoitecer;Crescente;Céu Claro;Simples;Reta;0;2;0;0;2;0;0;2;1;-19.27504;-40.08788
234960.0;2019-09-12;quinta-feira;18:50:00;101.0;265.9;SERRA;Animais na Pista;Saída de leito carroçável;Com Vítimas Feridas;Plena Noite;Crescente;Nublado;Múltipla;Reta;1;2;0;1;0;1;0;1;1;-20.19171;-40.26856
234963.0;2019-08-19;segunda-feira;17:24:00;101.0;149.0;LINHARES;Desobediência às normas de trânsito pelo condutor;Colisão transversal;Com Vítimas Feridas;Pleno dia;Crescente;Céu Claro;Dupla;Interseção de vias;1;3;0;2;1;0;0;3;2;-19.39986;-40.06244
235005.0;2019-09-12;quinta-feira;22:00:00;262.0;5.8;CARIACICA;Desobediência às normas de trânsito pelo condutor;Colisão transversal;Com Vítimas Feridas;Pleno dia;Decrescente;Céu Claro;Dupla;Reta;1;3;0;0;1;1;1;1;2;-20.33841;-40.39205
235011.0;2019-09-12;quinta-feira;23:45:00;101.0;131.0;LINHARES;Falta de Atenção à Condução;Saída de leito carroçável;Com Vítimas Feridas;Pleno dia;Crescente;Céu Claro;Dupla;Não Informado;0;1;0;1;0;0;0;1;1;-19.238970000000002;-40.09171
235117.0;2019-08-31;sábado;12:20:00;262.0;2.4;CARIACICA;Falta de Atenção do Pedestre;Atropelamento de Pedestre;Com Vítimas Feridas;Pleno dia;Crescente;Céu Claro;Dupla;Curva;1;2;0;0;2;0;0;2;1;-20.33127;-40.36428
235148.0;2019-09-13;sexta-feira;16:20:00;101.0;292.0;CARIACICA;Sinalização da via insuficiente ou inadequada;Colisão lateral;Com Vítimas Feridas;Pleno dia;Decrescente;Céu Claro;Múltipla;Interseção de vias;1;2;0;0;1;1;0;1;2;-20.30651;-40.394890000000004
235158.0;2019-09-13;sexta-feira;17:15:00;101.0;253.3;SERRA;Falta de Atenção do Pedestre;Atropelamento de Pedestre;Com Vítimas Fatais;Pleno dia;Decrescente;Céu Claro;Simples;Reta;0;2;1;0;0;1;0;0;1;-20.10337;-40.33384
235193.0;2019-09-13;sexta-feira;18:50:00;101.0;269.0;SERRA;Falta de Atenção à Condução;Colisão lateral;Com Vítimas Feridas;Plena Noite;Crescente;Céu Claro;Múltipla;Reta;1;3;0;2;0;1;0;2;2;-20.2174;-40.269909999999996
235218.0;2019-09-13;sexta-feira;21:00:00;101.0;141.7;LINHARES;Falta de Atenção à Condução;Colisão traseira;Com Vítimas Feridas;Plena Noite;Decrescente;Céu Claro;Simples;Interseção de vias;0;3;0;1;1;0;1;2;2;-19.33209;-40.06882
235287.0;2019-09-14;sábado;06:20:00;262.0;29.0;DOMINGOS MARTINS;Objeto estático sobre o leito carroçável;Colisão frontal;Com Vítimas Feridas;Pleno dia;Crescente;Nublado;Simples;Ponte;0;3;0;1;0;2;0;1;3;-20.37585;-40.56027
235307.0;2019-09-14;sábado;10:15:00;262.0;88.0;DOMINGOS MARTINS;Desobediência às normas de trânsito pelo condutor;Colisão transversal;Com Vítimas Feridas;Pleno dia;Decrescente;Céu Claro;Simples;Reta;0;2;0;0;1;1;0;1;2;-20.3912;-41.00985
235357.0;2019-08-25;domingo;09:16:00;262.0;1.7;CARIACICA;Falta de Atenção à Condução;Colisão lateral;Sem Vítimas;Pleno dia;Decrescente;Sol;Dupla;Reta;1;2;0;0;0;2;0;0;2;-20.32955;-40.354929999999996
235366.0;2019-09-14;sábado;16:30:00;101.0;265.1;SERRA;Condutor Dormindo;Colisão com objeto estático;Com Vítimas Feridas;Pleno dia;Decrescente;Nublado;Dupla;Reta;1;5;0;4;0;1;0;4;2;-20.18168;-40.26536
235381.0;2019-09-14;sábado;17:33:00;101.0;270.0;SERRA;Falta de Atenção à Condução;Colisão transversal;Com Vítimas Feridas;Anoitecer;Crescente;Céu Claro;Múltipla;Reta;1;2;0;0;1;0;1;1;2;-20.22662;-40.27075
235388.0;2019-09-14;sábado;18:30:00;101.0;334.0;GUARAPARI;Falta de Atenção à Condução;Colisão traseira;Com Vítimas Feridas;Plena Noite;Crescente;Céu Claro;Simples;Reta;0;2;0;1;0;1;0;1;2;-20.62138;-40.520109999999995
235391.0;2019-09-14;sábado;17:10:00;101.0;188.0;ARACRUZ;Carga excessiva e/ou mal acondicionada;Tombamento;Sem Vítimas;Anoitecer;Crescente;Céu Claro;Simples;Curva;0;1;0;0;0;1;0;0;1;-19.67569;-40.263690000000004
235396.0;2019-09-14;sábado;19:05:00;101.0;146.0;LINHARES;Desobediência às normas de trânsito pelo condutor;Colisão transversal;Com Vítimas Feridas;Plena Noite;Decrescente;Céu Claro;Simples;Não Informado;0;3;0;2;0;1;0;2;2;-19.36991;-40.06561
235415.0;2019-09-14;sábado;20:40:00;101.0;294.0;CARIACICA;Ingestão de Álcool;Colisão lateral;Com Vítimas Feridas;Plena Noite;Crescente;Céu Claro;Dupla;Não Informado;0;2;0;1;0;1;0;1;2;-20.32422;-40.39512
235461.0;2019-09-15;domingo;00:20:00;101.0;66.0;SAO MATEUS;Falta de Atenção à Condução;Queda de ocupante de veículo;Com Vítimas Feridas;Plena Noite;Decrescente;Céu Claro;Simples;Reta;1;1;0;1;0;0;0;1;1;-18.716520000000003;-39.874359999999996
235467.0;2019-09-15;domingo;01:30:00;101.0;269.0;SERRA;Falta de Atenção à Condução;Colisão transversal;Com Vítimas Feridas;Plena Noite;Crescente;Céu Claro;Dupla;Interseção de vias;1;2;0;1;0;1;0;1;2;-20.2174;-40.269909999999996
235490.0;2019-09-15;domingo;04:35:00;101.0;381.7;RIO NOVO DO SUL;Ingestão de Álcool;Colisão lateral;Sem Vítimas;Amanhecer;Decrescente;Céu Claro;Simples;Curva;0;2;0;0;0;2;0;0;2;-20.81706;-40.84261
235492.0;2019-09-15;domingo;03:15:00;101.0;130.0;LINHARES;Falta de Atenção à Condução;Saída de leito carroçável;Com Vítimas Feridas;Plena Noite;Crescente;Céu Claro;Simples;Reta;0;3;0;2;0;1;0;2;1;-19.22995;-40.09267
235525.0;2019-09-15;domingo;07:50:00;101.0;67.0;SAO MATEUS;Falta de Atenção à Condução;Colisão traseira;Com Vítimas Feridas;Pleno dia;Crescente;Céu Claro;Múltipla;Reta;1;2;0;1;0;1;0;1;2;-18.72054;-39.86589
235536.0;2019-09-15;domingo;09:30:00;101.0;423.0;ATILIO VIVACQUA;Falta de Atenção à Condução;Colisão lateral;Com Vítimas Feridas;Pleno dia;Crescente;Sol;Simples;Reta;0;8;0;5;1;1;1;6;3;-20.98875;-41.11847
235576.0;2019-09-15;domingo;09:40:00;259.0;58.0;COLATINA;Falta de Atenção à Condução;Colisão traseira;Com Vítimas Feridas;Pleno dia;Decrescente;Céu Claro;Simples;Reta;1;1;0;1;0;0;0;1;1;-19.514470000000003;-40.660790000000006
235593.0;2019-09-15;domingo;15:20:00;101.0;290.0;CARIACICA;Falta de Atenção à Condução;Tombamento;Com Vítimas Feridas;Pleno dia;Crescente;Céu Claro;Dupla;Reta;0;1;0;1;0;0;0;1;1;-20.289279999999998;-40.39182
235651.0;2019-09-15;domingo;18:30:00;101.0;305.5;VIANA;Defeito na Via;Queda de ocupante de veículo;Com Vítimas Feridas;Plena Noite;Crescente;Céu Claro;Simples;Não Informado;0;2;0;2;0;0;0;2;1;-20.386979999999998;-40.46346
235685.0;2019-09-15;domingo;18:30:00;259.0;98.3;BAIXO GUANDU;Velocidade Incompatível;Saída de leito carroçável;Com Vítimas Feridas;Plena Noite;Crescente;Nublado;Simples;Curva;0;2;0;0;2;0;0;2;1;-19.51141;-40.9786
235703.0;2019-09-15;domingo;21:30:00;101.0;187.5;ARACRUZ;Defeito Mecânico no Veículo;Incêndio;Sem Vítimas;Plena Noite;Decrescente;Céu Claro;Simples;Curva;0;1;0;0;0;1;0;0;1;-19.67083;-40.256209999999996
235721.0;2019-09-15;domingo;22:30:00;101.0;141.0;LINHARES;Animais na Pista;Atropelamento de Animal;Com Vítimas Feridas;Plena Noite;Crescente;Nublado;Múltipla;Reta;1;1;0;0;1;0;0;1;1;-19.32656;-40.07192
235747.0;2019-09-15;domingo;16:00:00;101.0;289.0;CARIACICA;Falta de Atenção à Condução;Colisão traseira;Com Vítimas Feridas;Pleno dia;Decrescente;Céu Claro;Dupla;Reta;0;2;0;1;1;0;0;2;2;-20.267670000000003;-40.388490000000004
235750.0;2019-09-16;segunda-feira;06:00:00;101.0;266.8;SERRA;Falta de Atenção à Condução;Colisão traseira;Sem Vítimas;Amanhecer;Crescente;Céu Claro;Múltipla;Reta;1;2;0;0;0;1;1;0;2;-20.1902;-40.26829
235827.0;2019-09-16;segunda-feira;07:00:00;101.0;287.5;CARIACICA;Falta de Atenção à Condução;Colisão lateral;Com Vítimas Feridas;Pleno dia;Decrescente;Céu Claro;Dupla;Reta;1;2;0;1;0;1;0;1;2;-20.26494;-40.38472
235828.0;2019-09-16;segunda-feira;07:20:00;101.0;288.8;CARIACICA;Falta de Atenção à Condução;Colisão traseira;Com Vítimas Feridas;Pleno dia;Decrescente;Céu Claro;Dupla;Reta;1;2;0;0;1;1;0;1;2;-20.275879999999997;-40.392379999999996
235844.0;2019-09-16;segunda-feira;08:10:00;101.0;291.9;CARIACICA;Desobediência às normas de trânsito pelo condutor;Colisão transversal;Com Vítimas Feridas;Pleno dia;Decrescente;Céu Claro;Dupla;Interseção de vias;1;5;0;1;2;2;0;3;3;-20.29756;-40.394459999999995
235849.0;2019-09-16;segunda-feira;09:00:00;101.0;287.1;CARIACICA;Defeito Mecânico no Veículo;Incêndio;Sem Vítimas;Pleno dia;Decrescente;Céu Claro;Dupla;Reta;1;1;0;0;0;1;0;0;1;-20.26494;-40.38472
235851.0;2019-09-16;segunda-feira;08:30:00;101.0;298.0;VIANA;Falta de Atenção à Condução;Colisão traseira;Sem Vítimas;Pleno dia;Crescente;Céu Claro;Múltipla;Reta;1;2;0;0;0;2;0;0;2;-20.35374;-40.41564
235906.0;2019-09-16;segunda-feira;07:20:00;101.0;287.6;CARIACICA;Desobediência às normas de trânsito pelo condutor;Colisão transversal;Com Vítimas Feridas;Pleno dia;Decrescente;Sol;Dupla;Reta;1;2;0;1;0;1;0;1;2;-20.26857;-40.388709999999996
235950.0;2019-09-16;segunda-feira;17:00:00;259.0;30.4;COLATINA;Velocidade Incompatível;Colisão frontal;Com Vítimas Feridas;Anoitecer;Crescente;Céu Claro;Dupla;Curva;1;3;0;0;2;1;0;2;2;-19.59525;-40.50647
235962.0;2019-09-16;segunda-feira;18:25:00;101.0;289.0;CARIACICA;Desobediência às normas de trânsito pelo condutor;Colisão transversal;Com Vítimas Feridas;Plena Noite;Decrescente;Céu Claro;Dupla;Reta;1;2;0;0;2;0;0;2;2;-20.273320000000002;-40.3916
235973.0;2019-09-16;segunda-feira;18:45:00;101.0;268.2;SERRA;Animais na Pista;Atropelamento de Animal;Com Vítimas Feridas;Anoitecer;Crescente;Ignorado;Múltipla;Reta;1;1;0;0;1;0;0;1;1;-20.20842;-40.2694
235980.0;2019-09-16;segunda-feira;19:05:00;262.0;37.0;DOMINGOS MARTINS;Falta de Atenção à Condução;Colisão frontal;Com Vítimas Feridas;Plena Noite;Crescente;Céu Claro;Simples;Reta;0;2;0;1;0;1;0;1;2;-20.38052;-40.6216
235984.0;2019-09-16;segunda-feira;19:45:00;101.0;190.6;ARACRUZ;Ultrapassagem Indevida;Colisão lateral;Com Vítimas Feridas;Plena Noite;Crescente;Céu Claro;Simples;Curva;0;3;0;2;0;1;0;2;2;-19.68681;-40.28399
236023.0;2019-09-17;terça-feira;05:20:00;101.0;119.9;SOORETAMA;Desobediência às normas de trânsito pelo condutor;Colisão frontal;Com Vítimas Feridas;Amanhecer;Crescente;Céu Claro;Simples;Não Informado;0;5;0;5;0;0;0;5;2;-19.13567;-40.071090000000005
236054.0;2019-09-16;segunda-feira;18:00:00;262.0;77.5;DOMINGOS MARTINS;Defeito Mecânico no Veículo;Colisão com objeto estático;Sem Vítimas;Anoitecer;Decrescente;Céu Claro;Simples;Curva;0;1;0;0;0;0;1;0;1;-20.41101;-40.91783
236135.0;2019-09-17;terça-feira;16:50:00;101.0;296.5;CARIACICA;Desobediência às normas de trânsito pelo condutor;Colisão lateral;Com Vítimas Feridas;Pleno dia;Decrescente;Céu Claro;Múltipla;Reta;1;2;0;1;0;1;0;1;2;-20.34007;-40.39451
236145.0;2019-09-17;terça-feira;17:50:00;101.0;1.0;SERRA;Desobediência às normas de trânsito pelo condutor;Colisão traseira;Com Vítimas Feridas;Plena Noite;Decrescente;Céu Claro;Dupla;Reta;1;4;0;1;0;3;0;1;4;-20.2466;-40.2837
236150.0;2019-09-17;terça-feira;18:30:00;101.0;293.8;CARIACICA;Desobediência às normas de trânsito pelo pedestre;Atropelamento de Pedestre;Com Vítimas Feridas;Plena Noite;Crescente;Céu Claro;Dupla;Reta;1;3;0;1;2;0;0;3;1;-20.315260000000002;-40.39567
236182.0;2019-09-17;terça-feira;20:30:00;259.0;65.2;COLATINA;Ingestão de Álcool;Colisão frontal;Com Vítimas Fatais;Plena Noite;Crescente;Céu Claro;Simples;Reta;1;3;1;0;1;1;0;1;2;-19.51944;-40.71586
236186.0;2019-09-17;terça-feira;20:30:00;101.0;117.0;SOORETAMA;Falta de Atenção à Condução;Queda de ocupante de veículo;Com Vítimas Feridas;Plena Noite;Crescente;Céu Claro;Simples;Reta;0;1;0;0;1;0;0;1;1;-19.119329999999998;-40.06303
236200.0;2019-09-17;terça-feira;23:00:00;101.0;69.5;SAO MATEUS;Falta de Atenção à Condução;Queda de ocupante de veículo;Com Vítimas Feridas;Plena Noite;Decrescente;Céu Claro;Simples;Não Informado;0;1;0;1;0;0;0;1;1;-18.73556;-39.8607
236254.0;2019-09-18;quarta-feira;07:40:00;262.0;190.0;IUNA;Condutor Dormindo;Saída de leito carroçável;Com Vítimas Feridas;Pleno dia;Crescente;Céu Claro;Simples;Curva;0;1;0;1;0;0;0;1;1;-20.30807;-41.74445
236325.0;2019-09-18;quarta-feira;14:10:00;101.0;184.0;ARACRUZ;Carga excessiva e/ou mal acondicionada;Tombamento;Com Vítimas Feridas;Pleno dia;Decrescente;Céu Claro;Simples;Curva;0;1;0;1;0;0;0;1;1;-19.65524;-40.23356
236357.0;2019-09-18;quarta-feira;17:00:00;101.0;270.0;SERRA;Falta de Atenção à Condução;Colisão traseira;Com Vítimas Feridas;Anoitecer;Decrescente;Céu Claro;Dupla;Reta;1;2;0;1;0;1;0;1;2;-20.20842;-40.2694
236365.0;2019-09-18;quarta-feira;18:00:00;101.0;267.6;SERRA;Desobediência às normas de trânsito pelo condutor;Colisão transversal;Com Vítimas Feridas;Pleno dia;Crescente;Céu Claro;Múltipla;Reta;1;2;0;1;0;1;0;1;2;-20.1902;-40.26829
236377.0;2019-09-18;quarta-feira;19:10:00;101.0;98.3;JAGUARE;Ultrapassagem Indevida;Saída de leito carroçável;Com Vítimas Feridas;Plena Noite;Crescente;Céu Claro;Simples;Reta;0;2;0;1;0;1;0;1;2;-18.96369;-39.98758
236505.0;2019-09-19;quinta-feira;13:50:00;101.0;146.6;LINHARES;Desobediência às normas de trânsito pelo condutor;Colisão lateral;Sem Vítimas;Pleno dia;Decrescente;Sol;Múltipla;Reta;1;2;0;0;0;2;0;0;2;-19.36991;-40.06561
236516.0;2019-09-19;quinta-feira;15:00:00;262.0;93.7;DOMINGOS MARTINS;Falta de Atenção à Condução;Colisão transversal;Com Vítimas Feridas;Pleno dia;Decrescente;Sol;Simples;Não Informado;0;4;0;1;2;1;0;3;2;-20.37908;-41.05048
236536.0;2019-09-19;quinta-feira;16:45:00;101.0;270.5;SERRA;Falta de Atenção à Condução;Tombamento;Com Vítimas Feridas;Pleno dia;Decrescente;Céu Claro;Múltipla;Interseção de vias;1;1;0;0;1;0;0;1;1;-20.22662;-40.27075
236544.0;2019-09-19;quinta-feira;18:00:00;101.0;301.5;VIANA;Desobediência às normas de trânsito pelo condutor;Colisão frontal;Com Vítimas Feridas;Anoitecer;Crescente;Céu Claro;Múltipla;Curva;1;2;0;0;1;1;0;1;2;-20.363120000000002;-40.44256
236676.0;2019-09-20;sexta-feira;07:20:00;101.0;294.4;CARIACICA;Defeito Mecânico no Veículo;Colisão com objeto estático;Com Vítimas Feridas;Pleno dia;Crescente;Céu Claro;Dupla;Reta;0;1;0;0;1;0;0;1;1;-20.32416;-40.39529
236699.0;2019-08-25;domingo;18:55:00;101.0;448.5;MIMOSO DO SUL;Condutor Dormindo;Colisão frontal;Com Vítimas Fatais;Anoitecer;Crescente;Céu Claro;Simples;Reta;0;2;1;0;0;1;0;0;2;-21.13028;-41.280440000000006
236731.0;2019-09-20;sexta-feira;13:20:00;262.0;1.3;CARIACICA;Falta de Atenção à Condução;Colisão lateral;Com Vítimas Feridas;Pleno dia;Decrescente;Céu Claro;Múltipla;Reta;1;2;0;1;0;1;0;1;2;-20.32955;-40.354929999999996
236775.0;2019-09-20;sexta-feira;17:10:00;101.0;265.3;SERRA;Falta de Atenção à Condução;Colisão lateral;Com Vítimas Feridas;Anoitecer;Crescente;Céu Claro;Dupla;Reta;1;2;0;1;0;0;1;1;2;-20.183970000000002;-40.26672
236792.0;2019-09-20;sexta-feira;17:35:00;101.0;303.0;VIANA;Falta de Atenção à Condução;Engavetamento;Com Vítimas Feridas;Anoitecer;Crescente;Nublado;Dupla;Reta;1;3;0;1;0;2;0;1;3;-20.37696;-40.44527
236887.0;2019-09-21;sábado;02:00:00;101.0;212.9;IBIRACU;Falta de Atenção à Condução;Saída de leito carroçável;Com Vítimas Feridas;Plena Noite;Crescente;Céu Claro;Simples;Curva;1;1;0;0;1;0;0;1;1;-19.82336;-40.36979
236892.0;2019-09-21;sábado;04:00:00;101.0;301.0;VIANA;Desobediência às normas de trânsito pelo condutor;Colisão lateral;Com Vítimas Feridas;Plena Noite;Decrescente;Céu Claro;Dupla;Curva;1;5;0;1;0;4;0;1;2;-20.362779999999997;-40.440129999999996
236944.0;2019-09-21;sábado;10:00:00;262.0;18.7;VIANA;Restrição de Visibilidade;Colisão lateral;Sem Vítimas;Pleno dia;Decrescente;Céu Claro;Simples;Reta;1;2;0;0;0;2;0;0;2;-20.39191;-40.49002
236961.0;2019-09-21;sábado;12:00:00;101.0;295.1;CARIACICA;Falta de Atenção à Condução;Colisão traseira;Com Vítimas Feridas;Pleno dia;Decrescente;Céu Claro;Múltipla;Reta;1;2;0;1;0;1;0;1;2;-20.33224;-40.40005
236975.0;2019-09-21;sábado;13:50:00;101.0;243.0;SERRA;Desobediência às normas de trânsito pelo condutor;Saída de leito carroçável;Sem Vítimas;Pleno dia;Crescente;Céu Claro;Simples;Curva;0;3;0;0;0;0;3;0;1;-20.04008;-40.39274
236990.0;2019-09-21;sábado;15:50:00;101.0;265.1;SERRA;Falta de Atenção à Condução;Colisão transversal;Com Vítimas Feridas;Pleno dia;Decrescente;Sol;Simples;Reta;1;2;0;1;0;1;0;1;2;-20.18219;-40.26534
237009.0;2019-09-21;sábado;18:05:00;101.0;295.9;CARIACICA;Ingestão de Álcool;Queda de ocupante de veículo;Com Vítimas Feridas;Anoitecer;Decrescente;Céu Claro;Múltipla;Não Informado;1;2;0;1;0;1;0;1;1;-20.33224;-40.40005
237116.0;2019-09-22;domingo;04:00:00;101.0;224.9;IBIRACU;Avarias e/ou desgaste excessivo no pneu;Saída de leito carroçável;Com Vítimas Feridas;Plena Noite;Crescente;Céu Claro;Simples;Reta;0;1;0;1;0;0;0;1;1;-19.88448;-40.41556
237127.0;2019-09-22;domingo;06:35:00;101.0;133.8;SOORETAMA;Condutor Dormindo;Colisão traseira;Com Vítimas Feridas;Pleno dia;Decrescente;Céu Claro;Simples;Reta;0;3;0;0;2;1;0;2;3;-19.25701;-40.08984
237134.0;2019-09-22;domingo;08:00:00;259.0;19.7;JOAO NEIVA;Falta de Atenção à Condução;Colisão com objeto estático;Com Vítimas Feridas;Pleno dia;Crescente;Céu Claro;Simples;Curva;0;1;0;0;1;0;0;1;1;-19.66056;-40.45632
237147.0;2019-09-22;domingo;09:57:00;101.0;149.2;LINHARES;Velocidade Incompatível;Colisão com objeto estático;Com Vítimas Feridas;Pleno dia;Decrescente;Céu Claro;Simples;Reta;1;3;0;0;3;0;0;3;1;-19.378870000000003;-40.06658
237165.0;2019-09-22;domingo;11:00:00;259.0;52.0;COLATINA;Falta de Atenção à Condução;Colisão lateral;Com Vítimas Feridas;Pleno dia;Crescente;Céu Claro;Simples;Curva;0;3;0;2;0;1;0;2;2;-19.50224;-40.62082
237170.0;2019-09-22;domingo;11:30:00;262.0;4.3;CARIACICA;Objeto estático sobre o leito carroçável;Colisão com objeto estático;Com Vítimas Feridas;Pleno dia;Decrescente;Sol;Múltipla;Reta;1;2;0;1;0;1;0;1;2;-20.33609;-40.37813
237379.0;2019-09-22;domingo;18:20:00;259.0;46.2;COLATINA;Defeito Mecânico no Veículo;Incêndio;Sem Vítimas;Plena Noite;Crescente;Nublado;Simples;Reta;0;1;0;0;0;1;0;0;1;-19.53043;-40.5818
237381.0;2019-09-22;domingo;18:40:00;101.0;424.8;ATILIO VIVACQUA;Falta de Atenção à Condução;Saída de leito carroçável;Com Vítimas Feridas;Plena Noite;Crescente;Chuva;Simples;Reta;0;5;0;5;0;0;0;5;1;-20.99479;-41.12522