id;data_inversa;dia_semana;horario;br;km;municipio;causa_acidente;tipo_acidente;classificacao_acidente;fase_dia;sentido_via;condicao_metereologica;tipo_pista;tracado_via;uso_solo;pessoas;mortos;feridos_leves;feridos_graves;ilesos;ignorados;feridos;veiculos;latitude;longitude
242629.0;2019-10-15;terça-feira;16:50:00;101.0;265.0;SERRA;Falta de Atenção à Condução;Colisão traseira;Com Vítimas Feridas;Pleno dia;Crescente;Céu Claro;Simples;Reta;0;2;0;1;0;1;0;1;2;-20.18168;-40.26536
242666.0;2019-10-15;terça-feira;20:20:00;101.0;295.0;CARIACICA;Falta de Atenção do Pedestre;Atropelamento de Pedestre;Com Vítimas Feridas;Plena Noite;Crescente;Céu Claro;Múltipla;Desvio Temporário;1;3;0;0;1;1;1;1;1;-20.33224;-40.40005
242708.0;2019-10-16;quarta-feira;13:25:00;262.0;1.7;CARIACICA;Falta de Atenção à Condução;Colisão lateral;Com Vítimas Feridas;Pleno dia;Crescente;Céu Claro;Múltipla;Reta;1;2;0;1;0;1;0;1;2;-20.32955;-40.354929999999996
242718.0;2019-10-16;quarta-feira;07:20:00;101.0;263.0;SERRA;Falta de Atenção à Condução;Colisão lateral;Com Vítimas Feridas;Pleno dia;Crescente;Céu Claro;Dupla;Reta;1;3;0;0;1;1;1;1;2;-20.16555;-40.27302
242723.0;2019-10-16;quarta-feira;08:10:00;101.0;152.0;LINHARES;Avarias e/ou desgaste excessivo no pneu;Tombamento;Com Vítimas Feridas;Pleno dia;Decrescente;Céu Claro;Simples;Reta;0;2;0;2;0;0;0;2;1;-19.41899;-40.07056
242876.0;2019-10-16;quarta-feira;21:40:00;101.0;269.9;SERRA;Velocidade Incompatível;Colisão traseira;Com Vítimas Feridas;Plena Noite;Decrescente;Céu Claro;Múltipla;Interseção de vias;1;4;0;1;0;3;0;1;3;-20.2174;-40.269909999999996
242880.0;2019-10-16;quarta-feira;22:30:00;101.0;72.3;SAO MATEUS;Velocidade Incompatível;Capotamento;Sem Vítimas;Plena Noite;Decrescente;Nublado;Simples;Curva;0;1;0;0;0;0;1;0;1;-18.76249;-39.86354
242917.0;2019-10-17;quinta-feira;06:40:00;101.0;62.2;SAO MATEUS;Falta de Atenção à Condução;Queda de ocupante de veículo;Com Vítimas Feridas;Pleno dia;Decrescente;Céu Claro;Simples;Reta;0;1;0;0;1;0;0;1;1;-18.6902;-39.861540000000005
242969.0;2019-10-17;quinta-feira;13:00:00;262.0;36.0;DOMINGOS MARTINS;Falta de Atenção à Condução;Queda de ocupante de veículo;Com Vítimas Feridas;Pleno dia;Crescente;Céu Claro;Simples;Curva;0;1;0;1;0;0;0;1;1;-20.38264;-40.6033
243020.0;2019-10-17;quinta-feira;19:40:00;101.0;80.0;SAO MATEUS;Restrição de Visibilidade;Colisão traseira;Com Vítimas Feridas;Plena Noite;Decrescente;Céu Claro;Múltipla;Desvio Temporário;0;2;0;1;0;1;0;1;2;-18.82224;-39.90728
243025.0;2019-10-17;quinta-feira;18:25:00;101.0;138.4;LINHARES;Desobediência às normas de trânsito pelo condutor;Tombamento;Com Vítimas Feridas;Plena Noite;Decrescente;Céu Claro;Simples;Reta;0;3;0;0;2;0;1;2;2;-19.30186;-40.08372
243030.0;2019-10-17;quinta-feira;17:00:00;262.0;2.2;CARIACICA;Animais na Pista;Atropelamento de Animal;Com Vítimas Feridas;Pleno dia;Crescente;Céu Claro;Dupla;Reta;1;1;0;1;0;0;0;1;1;-20.33276;-40.36078
243041.0;2019-10-17;quinta-feira;21:00:00;101.0;1.1;VITORIA;Falta de Atenção à Condução;Tombamento;Com Vítimas Feridas;Plena Noite;Decrescente;Céu Claro;Dupla;Reta;1;1;0;0;1;0;0;1;1;-20.24221;-40.28065
243047.0;2019-10-10;quinta-feira;07:15:00;262.0;167.0;IBATIBA;Falta de Atenção à Condução;Saída de leito carroçável;Com Vítimas Feridas;Amanhecer;Decrescente;Chuva;Simples;Curva;0;6;0;5;0;1;0;5;1;-20.2531;-41.566340000000004
243103.0;2019-10-18;sexta-feira;06:45:00;101.0;244.0;SERRA;Desobediência às normas de trânsito pelo condutor;Colisão transversal;Com Vítimas Fatais;Pleno dia;Decrescente;Céu Claro;Simples;Não Informado;0;2;1;0;0;1;0;0;2;-20.04725;-40.38732
243173.0;2019-10-18;sexta-feira;12:20:00;262.0;47.0;MARECHAL FLORIANO;Desobediência às normas de trânsito pelo condutor;Colisão transversal;Com Vítimas Feridas;Pleno dia;Crescente;Céu Claro;Simples;Reta;0;3;0;0;1;2;0;1;2;-20.4113;-40.67927
243234.0;2019-10-18;sexta-feira;17:30:00;262.0;87.6;DOMINGOS MARTINS;Velocidade Incompatível;Colisão frontal;Com Vítimas Feridas;Anoitecer;Decrescente;Céu Claro;Simples;Reta;0;2;0;0;2;0;0;2;2;-20.3941;-41.00078
243244.0;2019-10-18;sexta-feira;17:45:00;101.0;114.5;SOORETAMA;Desobediência às normas de trânsito pelo condutor;Colisão lateral;Com Vítimas Feridas;Anoitecer;Crescente;Céu Claro;Simples;Reta;0;2;0;2;0;0;0;2;1;-19.09485;-40.050959999999996
243253.0;2019-10-18;sexta-feira;18:50:00;101.0;239.2;FUNDAO;Falta de Atenção à Condução;Colisão frontal;Com Vítimas Feridas;Anoitecer;Decrescente;Ignorado;Simples;Reta;0;2;0;2;0;0;0;2;2;-20.007820000000002;-40.40791
243255.0;2019-10-18;sexta-feira;18:40:00;101.0;0.2;SERRA;Falta de Atenção à Condução;Colisão lateral;Com Vítimas Feridas;Plena Noite;Crescente;Céu Claro;Dupla;Reta;1;2;0;1;0;1;0;1;2;-20.23518;-40.27633
243261.0;2019-10-18;sexta-feira;18:40:00;101.0;420.8;CACHOEIRO DE ITAPEMIRIM;Falta de Atenção do Pedestre;Tombamento;Com Vítimas Feridas;Plena Noite;Decrescente;Céu Claro;Simples;Curva;0;1;0;1;0;0;0;1;1;-20.96575;-41.10736
243340.0;2019-10-18;sexta-feira;23:00:00;101.0;141.0;LINHARES;Ingestão de Álcool;Colisão traseira;Com Vítimas Feridas;Plena Noite;Crescente;Céu Claro;Múltipla;Reta;0;3;0;1;0;1;1;1;2;-19.32656;-40.07192
243419.0;2019-10-19;sábado;07:00:00;101.0;388.6;RIO NOVO DO SUL;Velocidade Incompatível;Tombamento;Com Vítimas Feridas;Pleno dia;Crescente;Céu Claro;Simples;Curva;0;1;0;0;1;0;0;1;1;-20.860960000000002;-40.87628
243448.0;2019-10-19;sábado;10:40:00;101.0;141.8;LINHARES;Desobediência às normas de trânsito pelo condutor;Colisão traseira;Com Vítimas Feridas;Pleno dia;Decrescente;Céu Claro;Dupla;Retorno Regulamentado;0;3;0;1;0;2;0;1;2;-19.33313;-40.06835
243456.0;2019-10-19;sábado;10:40:00;101.0;290.7;CARIACICA;Falta de Atenção à Condução;Colisão traseira;Sem Vítimas;Pleno dia;Decrescente;Sol;Dupla;Reta;1;2;0;0;0;2;0;0;2;-20.29516;-40.393440000000005
243500.0;2019-10-19;sábado;16:20:00;101.0;264.1;SERRA;Falta de Atenção à Condução;Colisão lateral;Com Vítimas Feridas;Pleno dia;Decrescente;Céu Claro;Múltipla;Interseção de vias;1;2;0;1;0;1;0;1;2;-20.17585;-40.266220000000004
243550.0;2019-10-19;sábado;18:50:00;101.0;460.5;MIMOSO DO SUL;Velocidade Incompatível;Saída de leito carroçável;Com Vítimas Feridas;Plena Noite;Crescente;Céu Claro;Simples;Curva;0;1;0;0;1;0;0;1;1;-21.21801;-41.2998
243813.0;2019-10-19;sábado;21:15:00;101.0;46.0;SAO MATEUS;Ingestão de Álcool;Colisão traseira;Com Vítimas Feridas;Plena Noite;Crescente;Céu Claro;Simples;Reta;0;2;0;1;0;1;0;1;2;-18.55144;-39.902840000000005
243944.0;2019-10-20;domingo;05:50:00;262.0;34.5;DOMINGOS MARTINS;Condutor Dormindo;Colisão transversal;Com Vítimas Feridas;Amanhecer;Crescente;Céu Claro;Simples;Curva;0;2;0;1;0;1;0;1;2;-20.3731;-40.59176
243983.0;2019-08-29;quinta-feira;06:50:00;101.0;264.0;SERRA;Falta de Atenção à Condução;Queda de ocupante de veículo;Com Vítimas Feridas;Pleno dia;Crescente;Ignorado;Dupla;Reta;1;2;0;1;0;1;0;1;2;-20.17829;-40.26546
243990.0;2019-10-20;domingo;08:20:00;101.0;211.3;IBIRACU;Falta de Atenção à Condução;Queda de ocupante de veículo;Com Vítimas Feridas;Pleno dia;Crescente;Nublado;Dupla;Reta;0;1;0;1;0;0;0;1;1;-19.807010000000002;-40.367670000000004
244022.0;2019-10-02;quarta-feira;10:15:00;101.0;267.7;SERRA;Desobediência às normas de trânsito pelo condutor;Colisão traseira;Com Vítimas Feridas;Pleno dia;Crescente;Sol;Múltipla;Não Informado;1;2;0;1;0;1;0;1;2;-20.19931;-40.26885
244045.0;2019-10-20;domingo;11:05:00;101.0;255.8;SERRA;Ingestão de Substâncias Psicoativas;Colisão transversal;Sem Vítimas;Pleno dia;Crescente;Nublado;Dupla;Interseção de vias;1;3;0;0;0;2;1;0;2;-20.11815;-40.31313
244050.0;2019-10-20;domingo;14:10:00;101.0;387.0;RIO NOVO DO SUL;Velocidade Incompatível;Tombamento;Com Vítimas Feridas;Pleno dia;Crescente;Chuva;Simples;Curva;0;2;0;1;0;1;0;1;1;-20.84938;-40.875809999999994
244054.0;2019-10-20;domingo;12:40:00;262.0;26.3;VIANA;Pista Escorregadia;Colisão frontal;Sem Vítimas;Pleno dia;Crescente;Chuva;Simples;Curva;0;2;0;0;0;2;0;0;2;-20.38042;-40.54403
244093.0;2019-10-20;domingo;17:30:00;101.0;0.5;SERRA;Desobediência às normas de trânsito pelo condutor;Colisão traseira;Com Vítimas Feridas;Anoitecer;Crescente;Céu Claro;Dupla;Reta;0;2;0;0;1;1;0;1;2;-20.129089999999998;-40.30812
244096.0;2019-10-20;domingo;18:00:00;393.0;6.3;CACHOEIRO DE ITAPEMIRIM;Velocidade Incompatível;Saída de leito carroçável;Com Vítimas Feridas;Anoitecer;Decrescente;Garoa/Chuvisco;Simples;Curva;1;1;0;0;1;0;0;1;1;-20.8293;-41.2071
244100.0;2019-10-20;domingo;18:10:00;259.0;91.0;BAIXO GUANDU;Falta de Atenção à Condução;Colisão frontal;Com Vítimas Fatais;Plena Noite;Decrescente;Nublado;Simples;Curva;0;5;1;3;1;0;0;4;2;-19.50862;-40.916470000000004
244135.0;2019-10-20;domingo;20:30:00;101.0;361.0;ANCHIETA;Ingestão de Álcool;Saída de leito carroçável;Com Vítimas Feridas;Plena Noite;Crescente;Chuva;Simples;Curva;0;5;0;4;0;1;0;4;1;-20.710739999999998;-40.722429999999996
244151.0;2019-10-20;domingo;22:00:00;101.0;266.6;SERRA;Desobediência às normas de trânsito pelo condutor;Colisão transversal;Com Vítimas Feridas;Plena Noite;Decrescente;Nublado;Múltipla;Interseção de vias;1;2;0;0;1;0;1;1;2;-20.19562;-40.26853
244389.0;2019-10-05;sábado;19:40:00;101.0;145.7;LINHARES;Não guardar distância de segurança;Colisão traseira;Com Vítimas Feridas;Plena Noite;Crescente;Céu Claro;Múltipla;Reta;1;3;0;1;1;1;0;2;2;-19.36991;-40.06561
244395.0;2019-10-22;terça-feira;06:45:00;101.0;183.6;ARACRUZ;Falta de Atenção à Condução;Tombamento;Com Vítimas Feridas;Pleno dia;Crescente;Chuva;Simples;Reta;0;1;0;1;0;0;0;1;1;-19.65524;-40.23356
244416.0;2019-10-22;terça-feira;07:30:00;101.0;147.0;LINHARES;Falta de Atenção à Condução;Colisão transversal;Com Vítimas Feridas;Pleno dia;Crescente;Sol;Múltipla;Reta;1;2;0;1;0;0;1;1;2;-19.378870000000003;-40.06658
244419.0;2019-10-22;terça-feira;07:45:00;101.0;1.0;VITORIA;Falta de Atenção à Condução;Colisão lateral;Com Vítimas Feridas;Pleno dia;Decrescente;Nublado;Dupla;Reta;0;2;0;0;1;1;0;1;2;-20.254;-40.2883
244456.0;2019-10-22;terça-feira;12:30:00;393.0;0.8;CACHOEIRO DE ITAPEMIRIM;Velocidade Incompatível;Colisão transversal;Com Vítimas Feridas;Pleno dia;Crescente;Céu Claro;Simples;Não Informado;0;2;0;0;1;1;0;1;2;-20.84132;-41.159290000000006
244462.0;2019-10-22;terça-feira;13:30:00;262.0;177.4;IBATIBA;Defeito Mecânico no Veículo;Tombamento;Com Vítimas Feridas;Pleno dia;Decrescente;Céu Claro;Simples;Curva;0;2;0;2;0;0;0;2;1;-20.280620000000003;-41.646879999999996
244496.0;2019-10-22;terça-feira;17:55:00;101.0;277.9;SERRA;Falta de Atenção à Condução;Colisão lateral;Com Vítimas Feridas;Anoitecer;Crescente;Ignorado;Dupla;Reta;0;3;0;0;2;1;0;2;2;-20.213079999999998;-40.321259999999995
244512.0;2019-10-22;terça-feira;17:10:00;262.0;6.0;CARIACICA;Falta de Atenção à Condução;Queda de ocupante de veículo;Com Vítimas Feridas;Pleno dia;Crescente;Nublado;Dupla;Reta;1;2;0;1;0;1;0;1;1;-20.34007;-40.39451
244527.0;2019-10-22;terça-feira;21:50:00;101.0;142.8;LINHARES;Desobediência às normas de trânsito pelo condutor;Colisão traseira;Com Vítimas Feridas;Plena Noite;Crescente;Céu Claro;Múltipla;Reta;1;2;0;2;0;0;0;2;2;-19.33459;-40.06755
244587.0;2019-10-23;quarta-feira;08:25:00;259.0;74.8;COLATINA;Falta de Atenção à Condução;Colisão traseira;Com Vítimas Feridas;Pleno dia;Crescente;Nublado;Simples;Curva;0;2;0;1;0;1;0;1;2;-19.51659;-40.78439
244650.0;2019-10-23;quarta-feira;16:25:00;262.0;1.2;CARIACICA;Falta de Atenção do Pedestre;Atropelamento de Pedestre;Com Vítimas Feridas;Pleno dia;Crescente;Céu Claro;Dupla;Reta;1;2;0;0;1;1;0;1;1;-20.32955;-40.354929999999996
244655.0;2019-10-23;quarta-feira;16:20:00;101.0;269.0;SERRA;Falta de Atenção à Condução;Colisão traseira;Com Vítimas Feridas;Pleno dia;Decrescente;Chuva;Dupla;Reta;1;2;0;0;1;1;0;1;2;-20.2174;-40.269909999999996
244662.0;2019-10-23;quarta-feira;17:20:00;262.0;95.0;VENDA NOVA DO IMIGRANTE;Falta de Atenção à Condução;Colisão transversal;Com Vítimas Feridas;Pleno dia;Crescente;Céu Claro;Simples;Interseção de vias;1;2;0;1;0;0;1;1;2;-20.365920000000003;-41.0604
244671.0;2019-10-23;quarta-feira;18:00:00;101.0;148.7;LINHARES;Desobediência às normas de trânsito pelo condutor;Colisão transversal;Com Vítimas Feridas;Plena Noite;Decrescente;Céu Claro;Simples;Interseção de vias;1;2;0;0;1;1;0;1;2;-19.38787;-40.06753
244716.0;2019-10-23;quarta-feira;21:10:00;101.0;143.0;LINHARES;Animais na Pista;Atropelamento de Animal;Com Vítimas Feridas;Plena Noite;Decrescente;Nublado;Dupla;Reta;0;1;0;1;0;0;0;1;1;-19.34287;-40.06386
244800.0;2019-10-24;quinta-feira;10:50:00;101.0;269.0;SERRA;Falta de Atenção do Pedestre;Atropelamento de Pedestre;Com Vítimas Feridas;Pleno dia;Crescente;Céu Claro;Dupla;Reta;1;2;0;1;0;0;1;1;1;-20.2174;-40.269909999999996
244811.0;2019-10-24;quinta-feira;12:50:00;101.0;269.0;SERRA;Mal Súbito;Queda de ocupante de veículo;Com Vítimas Feridas;Pleno dia;Crescente;Nublado;Dupla;Reta;1;1;0;0;1;0;0;1;1;-20.2174;-40.269909999999996
244821.0;2019-10-24;quinta-feira;14:20:00;101.0;172.2;ARACRUZ;Falta de Atenção à Condução;Colisão transversal;Com Vítimas Feridas;Pleno dia;Crescente;Céu Claro;Simples;Reta;0;5;0;4;0;1;0;4;2;-19.56471;-40.1787
244828.0;2019-10-24;quinta-feira;15:40:00;101.0;309.4;VIANA;Falta de Atenção à Condução;Colisão transversal;Com Vítimas Feridas;Pleno dia;Crescente;Céu Claro;Simples;Interseção de vias;1;2;0;0;1;1;0;1;2;-20.417;-40.45985
244830.0;2019-10-24;quinta-feira;15:10:00;262.0;88.9;DOMINGOS MARTINS;Falta de Atenção à Condução;Colisão lateral;Com Vítimas Feridas;Pleno dia;Crescente;Nublado;Simples;Curva;0;4;0;1;2;1;0;3;2;-20.3912;-41.00985
244851.0;2019-10-24;quinta-feira;18:20:00;262.0;3.0;CARIACICA;Ingestão de álcool e/ou substâncias psicoativas pelo pedestre;Atropelamento de Pedestre;Com Vítimas Feridas;Plena Noite;Crescente;Nublado;Múltipla;Reta;1;2;0;1;0;1;0;1;1;-20.33374;-40.36911
244868.0;2019-10-24;quinta-feira;19:00:00;101.0;266.0;SERRA;Falta de Atenção à Condução;Colisão lateral;Com Vítimas Feridas;Plena Noite;Crescente;Nublado;Múltipla;Interseção de vias;1;2;0;1;0;1;0;1;2;-20.1902;-40.26829
244889.0;2019-10-24;quinta-feira;21:40:00;101.0;260.8;SERRA;Desobediência às normas de trânsito pelo condutor;Colisão transversal;Com Vítimas Feridas;Plena Noite;Decrescente;Céu Claro;Dupla;Curva;1;2;0;0;2;0;0;2;2;-20.14794;-40.27993
244958.0;2019-10-25;sexta-feira;07:10:00;101.0;92.1;JAGUARE;Falta de Atenção à Condução;Colisão lateral;Com Vítimas Feridas;Pleno dia;Crescente;Nublado;Simples;Reta;0;1;0;1;0;0;0;1;1;-18.91447;-39.9639
244964.0;2019-10-25;sexta-feira;08:20:00;101.0;418.0;ITAPEMIRIM;Objeto estático sobre o leito carroçável;Colisão com objeto estático;Com Vítimas Feridas;Pleno dia;Crescente;Sol;Simples;Reta;0;3;0;1;0;0;2;1;3;-20.95438;-41.09328
244982.0;2019-10-25;sexta-feira;11:20:00;101.0;270.9;SERRA;Falta de Atenção à Condução;Colisão lateral;Com Vítimas Feridas;Pleno dia;Crescente;Céu Claro;Múltipla;Curva;1;2;0;1;0;1;0;1;2;-20.22662;-40.27075
244998.0;2019-10-25;sexta-feira;13:10:00;101.0;264.8;SERRA;Desobediência às normas de trânsito pelo condutor;Colisão lateral;Com Vítimas Feridas;Pleno dia;Crescente;Céu Claro;Múltipla;Reta;1;2;0;1;0;1;0;1;2;-20.172929999999997;-40.26736
245024.0;2019-10-25;sexta-feira;15:30:00;101.0;1.5;SERRA;Falta de Atenção à Condução;Colisão lateral;Com Vítimas Feridas;Pleno dia;Crescente;Céu Claro;Dupla;Reta;0;2;0;1;0;1;0;1;2;-20.24217;-40.28078
245039.0;2019-10-25;sexta-feira;16:30:00;101.0;240.0;FUNDAO;Falta de Atenção à Condução;Colisão com objeto estático;Com Vítimas Feridas;Pleno dia;Decrescente;Céu Claro;Simples;Reta;0;1;0;0;1;0;0;1;1;-20.01594;-40.40402
245061.0;2019-10-25;sexta-feira;16:45:00;262.0;100.0;VENDA NOVA DO IMIGRANTE;Velocidade Incompatível;Capotamento;Com Vítimas Feridas;Pleno dia;Crescente;Garoa/Chuvisco;Simples;Não Informado;0;2;0;2;0;0;0;2;1;-20.3489;-41.10207
245077.0;2019-10-25;sexta-feira;19:10:00;101.0;271.0;SERRA;Desobediência às normas de trânsito pelo pedestre;Atropelamento de Pedestre;Com Vítimas Fatais;Plena Noite;Crescente;Nublado;Múltipla;Reta;1;3;1;1;1;0;0;2;1;-20.232670000000002;-40.276579999999996
245150.0;2019-10-26;sábado;03:00:00;101.0;5.2;ICONHA;Condutor Dormindo;Colisão traseira;Com Vítimas Feridas;Plena Noite;Crescente;Nublado;Dupla;Desvio Temporário;0;2;0;1;0;1;0;1;2;-20.79354;-40.81146
245153.0;2019-10-26;sábado;04:24:00;101.0;287.0;CARIACICA;Falta de Atenção à Condução;Queda de ocupante de veículo;Com Vítimas Feridas;Amanhecer;Decrescente;Céu Claro;Dupla;Reta;1;1;0;1;0;0;0;1;1;-20.26494;-40.38472
245178.0;2019-10-26;sábado;06:00:00;101.0;101.7;JAGUARE;Defeito Mecânico no Veículo;Queda de ocupante de veículo;Com Vítimas Feridas;Amanhecer;Crescente;Céu Claro;Simples;Desvio Temporário;0;2;0;2;0;0;0;2;1;-18.99266;-40.00156
245180.0;2019-10-26;sábado;06:40:00;101.0;147.1;LINHARES;Falta de Atenção à Condução;Colisão transversal;Com Vítimas Feridas;Pleno dia;Crescente;Nublado;Múltipla;Interseção de vias;1;3;0;0;3;0;0;3;2;-19.378870000000003;-40.06658
245226.0;2019-10-26;sábado;10:30:00;101.0;188.9;ARACRUZ;Desobediência às normas de trânsito pelo condutor;Colisão transversal;Com Vítimas Feridas;Pleno dia;Decrescente;Céu Claro;Simples;Reta;1;7;0;2;4;1;0;6;2;-19.67569;-40.263690000000004
245235.0;2019-09-08;domingo;16:00:00;101.0;266.7;SERRA;Desobediência às normas de trânsito pelo condutor;Colisão lateral;Com Vítimas Fatais;Pleno dia;Decrescente;Sol;Dupla;Interseção de vias;1;3;1;0;0;1;1;0;2;-20.1902;-40.26829
245261.0;2019-10-26;sábado;14:00:00;101.0;267.9;SERRA;Desobediência às normas de trânsito pelo condutor;Colisão transversal;Com Vítimas Feridas;Pleno dia;Crescente;Sol;Dupla;Interseção de vias;1;3;0;1;0;1;1;1;2;-20.19931;-40.26885
245297.0;2019-10-26;sábado;17:15:00;482.0;8.2;CACHOEIRO DE ITAPEMIRIM;Desobediência às normas de trânsito pelo condutor;Saída de leito carroçável;Com Vítimas Feridas;Anoitecer;Crescente;Nublado;Dupla;Reta;1;1;0;1;0;0;0;1;1;-20.86597;-41.11181
245335.0;2019-10-26;sábado;19:40:00;101.0;269.7;SERRA;Falta de Atenção à Condução;Colisão traseira;Sem Vítimas;Plena Noite;Crescente;Céu Claro;Múltipla;Reta;1;2;0;0;0;1;1;0;2;-20.2174;-40.269909999999996
245370.0;2019-10-26;sábado;22:30:00;101.0;269.5;SERRA;Falta de Atenção à Condução;Colisão transversal;Com Vítimas Fatais;Plena Noite;Decrescente;Céu Claro;Dupla;Não Informado;1;3;1;0;0;1;1;0;2;-20.2174;-40.269909999999996
245387.0;2019-10-26;sábado;23:00:00;101.0;145.9;LINHARES;Falta de Atenção à Condução;Colisão traseira;Com Vítimas Feridas;Plena Noite;Crescente;Céu Claro;Múltipla;Reta;1;2;0;1;0;1;0;1;2;-19.36893;-40.06575
245508.0;2019-09-05;quinta-feira;14:00:00;262.0;77.0;MARECHAL FLORIANO;Falta de Atenção à Condução;Saída de leito carroçável;Com Vítimas Feridas;Pleno dia;Decrescente;Chuva;Simples;Curva;0;1;0;1;0;0;0;1;1;-20.41253;-40.92442
245520.0;2019-10-27;domingo;11:40:00;101.0;127.0;SOORETAMA;Ingestão de Álcool;Queda de ocupante de veículo;Com Vítimas Feridas;Pleno dia;Crescente;Céu Claro;Dupla;Não Informado;1;1;0;1;0;0;0;1;1;-19.2029;-40.09552
245537.0;2019-10-27;domingo;16:07:00;101.0;302.8;VIANA;Desobediência às normas de trânsito pelo condutor;Colisão frontal;Com Vítimas Feridas;Pleno dia;Decrescente;Nublado;Dupla;Curva;1;3;0;2;0;1;0;2;2;-20.37572;-40.442809999999994
245563.0;2019-10-27;domingo;18:10:00;393.0;0.4;CACHOEIRO DE ITAPEMIRIM;Desobediência às normas de trânsito pelo pedestre;Atropelamento de Pedestre;Com Vítimas Feridas;Plena Noite;Decrescente;Nublado;Simples;Reta;0;2;0;0;1;1;0;1;1;-20.84132;-41.159290000000006
245574.0;2019-10-19;sábado;09:00:00;259.0;70.0;COLATINA;Desobediência às normas de trânsito pelo condutor;Colisão transversal;Com Vítimas Feridas;Pleno dia;Crescente;Sol;Simples;Curva;0;2;0;0;1;1;0;1;2;-19.49605;-40.75516
245590.0;2019-10-27;domingo;20:00:00;101.0;185.0;ARACRUZ;Objeto estático sobre o leito carroçável;Queda de ocupante de veículo;Com Vítimas Feridas;Plena Noite;Crescente;Nublado;Simples;Reta;0;1;0;1;0;0;0;1;1;-19.66049;-40.240990000000004
245619.0;2019-10-27;domingo;22:00:00;262.0;20.3;VIANA;Falta de Atenção à Condução;Saída de leito carroçável;Sem Vítimas;Plena Noite;Decrescente;Céu Claro;Simples;Reta;0;1;0;0;0;1;0;0;1;-20.38569;-40.496809999999996
245664.0;2019-10-28;segunda-feira;07:20:00;101.0;270.5;SERRA;Desobediência às normas de trânsito pelo condutor;Colisão lateral;Com Vítimas Feridas;Pleno dia;Crescente;Céu Claro;Dupla;Reta;1;2;0;1;0;1;0;1;2;-20.22662;-40.27075
245681.0;2019-10-28;segunda-feira;08:50:00;101.0;68.0;SAO MATEUS;Deficiência ou não Acionamento do Sistema de Iluminação/Sinalização do Veículo;Tombamento;Com Vítimas Feridas;Pleno dia;Crescente;Céu Claro;Simples;Reta;0;3;0;2;0;1;0;2;3;-18.7266;-39.85975
245715.0;2019-10-28;segunda-feira;13:40:00;101.0;299.8;VIANA;Falta de Atenção à Condução;Saída de leito carroçável;Com Vítimas Feridas;Pleno dia;Crescente;Sol;Múltipla;Curva;1;1;0;1;0;0;0;1;1;-20.358610000000002;-40.42328
245738.0;2019-10-28;segunda-feira;15:55:00;262.0;4.8;CARIACICA;Desobediência às normas de trânsito pelo condutor;Colisão lateral;Com Vítimas Feridas;Pleno dia;Crescente;Céu Claro;Simples;Reta;1;2;0;1;0;1;0;1;2;-20.33609;-40.37813
245782.0;2019-10-28;segunda-feira;18:30:00;262.0;71.0;MARECHAL FLORIANO;Ingestão de Álcool;Colisão frontal;Com Vítimas Feridas;Plena Noite;Decrescente;Nublado;Simples;Reta;1;5;0;0;1;4;0;1;2;-20.42022;-40.87403