id;data_inversa;dia_semana;horario;br;km;municipio;causa_acidente;tipo_acidente;classificacao_acidente;fase_dia;sentido_via;condicao_metereologica;tipo_pista;tracado_via;uso_solo;pessoas;mortos;feridos_leves;feridos_graves;ilesos;ignorados;feridos;veiculos;latitude;longitude
247829.0;2019-11-07;quinta-feira;21:10:00;101.0;262.1;SERRA;Objeto estático sobre o leito carroçável;Colisão com objeto estático;Com Vítimas Feridas;Plena Noite;Crescente;Nublado;Dupla;Reta;0;1;0;0;1;0;0;1;1;-20.15723;-40.27678
247835.0;2019-11-07;quinta-feira;22:00:00;482.0;63.1;JERONIMO MONTEIRO;Falta de Atenção do Pedestre;Atropelamento de Pedestre;Com Vítimas Feridas;Plena Noite;Crescente;Nublado;Simples;Reta;1;2;0;0;1;1;0;1;1;-20.79081;-41.38811
247852.0;2019-11-07;quinta-feira;23:50:00;101.0;231.1;FUNDAO;Agressão Externa;Saída de leito carroçável;Com Vítimas Feridas;Plena Noite;Crescente;Nublado;Simples;Reta;0;1;0;0;1;0;0;1;1;-19.94426;-40.406620000000004
247869.0;2019-11-08;sexta-feira;04:50:00;101.0;76.6;SAO MATEUS;Falta de Atenção à Condução;Colisão traseira;Com Vítimas Fatais;Amanhecer;Crescente;Céu Claro;Simples;Desvio Temporário;0;4;1;2;0;0;1;2;2;-18.7922;-39.884640000000005
247928.0;2019-11-08;sexta-feira;11:20:00;101.0;403.6;ITAPEMIRIM;Não guardar distância de segurança;Tombamento;Com Vítimas Feridas;Pleno dia;Decrescente;Sol;Simples;Reta;0;1;0;1;0;0;0;1;1;-20.88929;-40.98621
247986.0;2019-11-08;sexta-feira;16:43:00;101.0;253.1;SERRA;Animais na Pista;Tombamento;Com Vítimas Feridas;Pleno dia;Decrescente;Sol;Simples;Reta;1;1;0;1;0;0;0;1;1;-20.10337;-40.33384
247989.0;2019-11-08;sexta-feira;14:20:00;101.0;149.2;LINHARES;Desobediência às normas de trânsito pelo condutor;Colisão transversal;Com Vítimas Feridas;Pleno dia;Decrescente;Céu Claro;Simples;Reta;1;3;0;1;0;2;0;1;2;-19.39619;-40.06436
248013.0;2019-11-08;sexta-feira;18:40:00;101.0;376.0;ICONHA;Falta de Atenção à Condução;Colisão transversal;Com Vítimas Feridas;Plena Noite;Crescente;Chuva;Simples;Reta;0;2;0;1;0;1;0;1;2;-20.790129999999998;-40.80344
248025.0;2019-11-08;sexta-feira;19:15:00;101.0;140.0;LINHARES;Falta de Atenção à Condução;Queda de ocupante de veículo;Com Vítimas Feridas;Plena Noite;Decrescente;Céu Claro;Simples;Reta;1;1;0;1;0;0;0;1;1;-19.318170000000002;-40.075520000000004
248083.0;2019-10-14;segunda-feira;07:05:00;101.0;147.0;LINHARES;Desobediência às normas de trânsito pelo condutor;Colisão traseira;Com Vítimas Feridas;Amanhecer;Crescente;Céu Claro;Dupla;Reta;1;3;0;0;1;2;0;1;3;-19.378870000000003;-40.06658
248088.0;2019-11-08;sexta-feira;20:50:00;482.0;120.0;GUACUI;Pista Escorregadia;Saída de leito carroçável;Com Vítimas Feridas;Plena Noite;Decrescente;Chuva;Simples;Reta;0;2;0;2;0;0;0;2;1;-20.73824;-41.83163
248093.0;2019-11-09;sábado;00:05:00;101.0;162.9;LINHARES;Falta de Atenção à Condução;Colisão transversal;Com Vítimas Feridas;Plena Noite;Decrescente;Céu Claro;Simples;Interseção de vias;0;3;0;2;0;1;0;2;2;-19.49015;-40.12624
248116.0;2019-10-15;terça-feira;08:40:00;262.0;1.0;CARIACICA;Falta de Atenção à Condução;Colisão lateral;Com Vítimas Feridas;Pleno dia;Decrescente;Céu Claro;Dupla;Reta;1;4;0;1;0;3;0;1;2;-20.328789999999998;-40.3547
248176.0;2019-11-09;sábado;09:00:00;101.0;6.7;PEDRO CANARIO;Velocidade Incompatível;Colisão com objeto estático;Com Vítimas Feridas;Pleno dia;Crescente;Céu Claro;Simples;Curva;0;1;0;0;1;0;0;1;1;-18.21951;-39.94488
248209.0;2019-11-09;sábado;13:30:00;482.0;81.5;ALEGRE;Desobediência às normas de trânsito pelo condutor;Colisão transversal;Com Vítimas Feridas;Pleno dia;Decrescente;Céu Claro;Simples;Reta;0;2;0;1;0;1;0;1;2;-20.76087;-41.515879999999996
248267.0;2019-11-09;sábado;18:20:00;101.0;406.4;ITAPEMIRIM;Velocidade Incompatível;Saída de leito carroçável;Com Vítimas Feridas;Plena Noite;Decrescente;Céu Claro;Simples;Reta;0;1;0;1;0;0;0;1;1;-20.89494;-41.02544
248270.0;2019-11-09;sábado;19:30:00;262.0;55.0;MARECHAL FLORIANO;Falta de Atenção à Condução;Tombamento;Com Vítimas Feridas;Plena Noite;Decrescente;Céu Claro;Simples;Reta;0;2;0;0;1;0;1;1;2;-20.41121;-40.74794
248329.0;2019-11-10;domingo;00:30:00;101.0;271.9;SERRA;Falta de Atenção à Condução;Colisão com objeto estático;Com Vítimas Feridas;Plena Noite;Decrescente;Céu Claro;Múltipla;Reta;1;1;0;1;0;0;0;1;1;-20.23248;-40.27721
248331.0;2019-11-09;sábado;21:30:00;101.0;31.0;CONCEICAO DA BARRA;Ingestão de Álcool;Colisão com objeto estático;Sem Vítimas;Plena Noite;Crescente;Céu Claro;Simples;Rotatória;1;2;0;0;0;2;0;0;2;-18.41695;-39.93609
248360.0;2019-11-10;domingo;01:35:00;101.0;151.2;LINHARES;Desobediência às normas de trânsito pelo condutor;Colisão com objeto estático;Sem Vítimas;Plena Noite;Decrescente;Céu Claro;Simples;Reta;0;1;0;0;0;0;1;0;1;-19.41281;-40.06643
248393.0;2019-11-10;domingo;07:00:00;101.0;141.0;LINHARES;Desobediência às normas de trânsito pelo condutor;Colisão traseira;Com Vítimas Feridas;Pleno dia;Crescente;Céu Claro;Dupla;Interseção de vias;0;2;0;1;0;1;0;1;2;-19.32656;-40.07192
248409.0;2019-11-10;domingo;07:50:00;101.0;188.1;ARACRUZ;Carga excessiva e/ou mal acondicionada;Tombamento;Com Vítimas Feridas;Pleno dia;Crescente;Sol;Simples;Curva;0;1;0;1;0;0;0;1;1;-19.67569;-40.263690000000004
248414.0;2019-11-10;domingo;08:50:00;259.0;36.0;COLATINA;Defeito Mecânico no Veículo;Incêndio;Sem Vítimas;Pleno dia;Crescente;Sol;Simples;Reta;0;1;0;0;0;1;0;0;1;-19.55386;-40.50237
248463.0;2019-09-20;sexta-feira;15:40:00;262.0;3.2;CARIACICA;Desobediência às normas de trânsito pelo condutor;Colisão lateral;Com Vítimas Feridas;Pleno dia;Crescente;Céu Claro;Dupla;Não Informado;1;3;0;1;0;1;1;1;2;-20.33374;-40.36911
248526.0;2019-11-10;domingo;18:35:00;262.0;6.5;CARIACICA;Animais na Pista;Colisão frontal;Com Vítimas Feridas;Plena Noite;Crescente;Céu Claro;Dupla;Reta;1;2;0;1;0;1;0;1;1;-20.34007;-40.39451
248752.0;2019-11-11;segunda-feira;09:30:00;101.0;279.1;SERRA;Falta de Atenção à Condução;Colisão transversal;Com Vítimas Feridas;Pleno dia;Crescente;Sol;Dupla;Reta;0;3;0;1;1;1;0;2;2;-20.20789;-40.31335
248784.0;2019-11-11;segunda-feira;11:40:00;101.0;150.2;LINHARES;Falta de Atenção à Condução;Colisão com objeto estático;Com Vítimas Feridas;Pleno dia;Crescente;Sol;Múltipla;Reta;1;1;0;0;1;0;0;1;1;-19.40437;-40.060790000000004
248797.0;2019-11-11;segunda-feira;12:15:00;101.0;292.0;CARIACICA;Falta de Atenção à Condução;Colisão traseira;Com Vítimas Feridas;Pleno dia;Crescente;Sol;Dupla;Reta;0;2;0;1;0;1;0;1;2;-20.30651;-40.394890000000004
248846.0;2019-11-11;segunda-feira;17:20:00;262.0;97.4;DOMINGOS MARTINS;Pista Escorregadia;Colisão frontal;Sem Vítimas;Anoitecer;Crescente;Chuva;Simples;Curva;1;3;0;0;0;3;0;0;3;-20.36104;-41.07465
248847.0;2019-11-11;segunda-feira;18:10:00;259.0;61.2;COLATINA;Não guardar distância de segurança;Colisão traseira;Com Vítimas Feridas;Anoitecer;Crescente;Ignorado;Simples;Reta;0;2;0;0;1;1;0;1;2;-19.5308;-40.68209
248848.0;2019-11-11;segunda-feira;18:15:00;259.0;61.2;COLATINA;Falta de Atenção à Condução;Colisão traseira;Com Vítimas Feridas;Plena Noite;Crescente;Céu Claro;Simples;Reta;0;3;0;0;1;2;0;1;3;-19.5308;-40.68209
248888.0;2019-11-11;segunda-feira;20:00:00;262.0;31.0;DOMINGOS MARTINS;Pista Escorregadia;Colisão com objeto estático;Com Vítimas Feridas;Plena Noite;Crescente;Chuva;Simples;Curva;0;2;0;1;0;1;0;1;2;-20.3807;-40.568490000000004
248915.0;2019-11-12;terça-feira;06:40:00;262.0;130.2;BREJETUBA;Condutor Dormindo;Saída de leito carroçável;Com Vítimas Feridas;Pleno dia;Crescente;Chuva;Simples;Reta;0;1;0;1;0;0;0;1;1;-20.259539999999998;-41.29828
248919.0;2019-11-12;terça-feira;07:10:00;262.0;39.9;DOMINGOS MARTINS;Velocidade Incompatível;Colisão frontal;Com Vítimas Feridas;Pleno dia;Crescente;Nublado;Simples;Curva;0;6;0;1;1;4;0;2;2;-20.38385;-40.63555
248940.0;2019-11-12;terça-feira;08:15:00;101.0;150.1;LINHARES;Não guardar distância de segurança;Colisão traseira;Com Vítimas Feridas;Pleno dia;Decrescente;Nublado;Simples;Reta;1;2;0;1;0;1;0;1;2;-19.40437;-40.060790000000004
248973.0;2019-11-12;terça-feira;11:50:00;262.0;6.8;CARIACICA;Falta de Atenção do Pedestre;Atropelamento de Pedestre;Com Vítimas Feridas;Pleno dia;Decrescente;Céu Claro;Múltipla;Reta;1;2;0;1;0;1;0;1;1;-20.34007;-40.39451
248978.0;2019-11-12;terça-feira;13:00:00;101.0;267.0;SERRA;Desobediência às normas de trânsito pelo condutor;Colisão traseira;Com Vítimas Feridas;Pleno dia;Decrescente;Sol;Dupla;Reta;1;3;0;1;0;2;0;1;3;-20.19931;-40.26885
249065.0;2019-11-12;terça-feira;18:30:00;259.0;71.5;COLATINA;Falta de Atenção à Condução;Tombamento;Com Vítimas Feridas;Plena Noite;Crescente;Céu Claro;Simples;Reta;0;1;0;0;1;0;0;1;1;-19.497320000000002;-40.76455
249079.0;2019-11-12;terça-feira;19:45:00;101.0;348.2;ANCHIETA;Condutor Dormindo;Colisão lateral;Com Vítimas Feridas;Plena Noite;Crescente;Chuva;Simples;Reta;0;2;0;1;0;1;0;1;2;-20.65106;-40.63527
249158.0;2019-11-13;quarta-feira;09:00:00;101.0;240.0;SERRA;Pista Escorregadia;Saída de leito carroçável;Com Vítimas Feridas;Pleno dia;Crescente;Chuva;Dupla;Curva;0;3;0;2;0;1;0;2;1;-20.01594;-40.40402
249164.0;2019-11-13;quarta-feira;09:50:00;101.0;164.9;LINHARES;Velocidade Incompatível;Saída de leito carroçável;Com Vítimas Feridas;Pleno dia;Decrescente;Chuva;Simples;Reta;0;1;0;1;0;0;0;1;1;-19.51264;-40.1393
249198.0;2019-11-13;quarta-feira;13:00:00;101.0;274.0;SERRA;Pista Escorregadia;Colisão com objeto estático;Com Vítimas Feridas;Pleno dia;Crescente;Chuva;Dupla;Curva;0;1;0;1;0;0;0;1;1;-20.212889999999998;-40.29612
249258.0;2019-11-13;quarta-feira;18:00:00;101.0;271.2;SERRA;Falta de Atenção à Condução;Colisão lateral;Com Vítimas Feridas;Plena Noite;Crescente;Chuva;Dupla;Reta;0;2;0;1;0;1;0;1;2;-20.232670000000002;-40.276579999999996
249259.0;2019-11-13;quarta-feira;16:50:00;262.0;32.0;DOMINGOS MARTINS;Falta de Atenção à Condução;Colisão com objeto estático;Sem Vítimas;Anoitecer;Decrescente;Chuva;Dupla;Reta;0;1;0;0;0;1;0;0;1;-20.37886;-40.577729999999995
249262.0;2019-11-13;quarta-feira;18:20:00;262.0;4.5;CARIACICA;Falta de Atenção à Condução;Colisão traseira;Com Vítimas Feridas;Plena Noite;Decrescente;Chuva;Dupla;Reta;1;2;0;1;0;1;0;1;2;-20.33677;-40.38953
249333.0;2019-11-14;quinta-feira;08:00:00;101.0;0.4;SERRA;Desobediência às normas de trânsito pelo condutor;Colisão transversal;Com Vítimas Feridas;Pleno dia;Decrescente;Chuva;Múltipla;Interseção de vias;1;4;0;2;0;1;1;2;4;-20.236929999999997;-40.277390000000004
249341.0;2019-11-14;quinta-feira;08:30:00;101.0;72.6;SAO MATEUS;Ultrapassagem Indevida;Colisão lateral;Com Vítimas Feridas;Pleno dia;Decrescente;Nublado;Simples;Reta;0;3;0;2;0;1;0;2;2;-18.76249;-39.86354
249351.0;2019-11-14;quinta-feira;09:40:00;101.0;249.9;SERRA;Pista Escorregadia;Capotamento;Com Vítimas Feridas;Pleno dia;Decrescente;Chuva;Simples;Reta;0;1;0;1;0;0;0;1;1;-20.07372;-40.35346
249355.0;2019-11-14;quinta-feira;08:45:00;482.0;94.9;ALEGRE;Defeito Mecânico no Veículo;Tombamento;Com Vítimas Feridas;Pleno dia;Crescente;Nublado;Simples;Curva;0;2;0;0;2;0;0;2;1;-20.75935;-41.5843
249367.0;2019-11-14;quinta-feira;08:40:00;262.0;79.0;DOMINGOS MARTINS;Falta de Atenção à Condução;Capotamento;Com Vítimas Feridas;Pleno dia;Decrescente;Chuva;Simples;Curva;0;2;0;2;0;0;0;2;1;-20.40938;-40.9321
249386.0;2019-11-14;quinta-feira;12:00:00;101.0;67.8;SAO MATEUS;Desobediência às normas de trânsito pelo condutor;Colisão transversal;Com Vítimas Feridas;Pleno dia;Decrescente;Nublado;Dupla;Interseção de vias;1;2;0;0;1;1;0;1;2;-18.72054;-39.86589
249391.0;2019-11-14;quinta-feira;12:15:00;101.0;303.0;CARIACICA;Falta de Atenção à Condução;Colisão traseira;Com Vítimas Feridas;Pleno dia;Crescente;Chuva;Dupla;Reta;1;2;0;1;0;1;0;1;2;-20.37696;-40.44527
249392.0;2019-11-14;quinta-feira;12:30:00;262.0;3.0;CARIACICA;Velocidade Incompatível;Colisão com objeto estático;Com Vítimas Feridas;Pleno dia;Decrescente;Chuva;Dupla;Reta;1;4;0;3;0;1;0;3;2;-20.33374;-40.36911
249503.0;2019-11-14;quinta-feira;19:00:00;262.0;5.0;CARIACICA;Falta de Atenção à Condução;Colisão lateral;Com Vítimas Feridas;Plena Noite;Crescente;Chuva;Múltipla;Reta;1;2;0;1;0;0;1;1;2;-20.33707;-40.3865
249551.0;2019-11-14;quinta-feira;23:30:00;101.0;273.7;SERRA;Pista Escorregadia;Colisão com objeto estático;Com Vítimas Feridas;Plena Noite;Decrescente;Nublado;Dupla;Reta;0;1;0;0;1;0;0;1;1;-20.22031;-40.29058
249563.0;2019-11-15;sexta-feira;03:40:00;101.0;25.4;CONCEICAO DA BARRA;Falta de Atenção à Condução;Colisão transversal;Com Vítimas Fatais;Plena Noite;Decrescente;Nublado;Simples;Reta;0;3;1;0;0;2;0;0;3;-18.3674;-39.95085
249569.0;2019-11-15;sexta-feira;05:30:00;101.0;333.7;GUARAPARI;Velocidade Incompatível;Saída de leito carroçável;Com Vítimas Feridas;Amanhecer;Crescente;Garoa/Chuvisco;Dupla;Curva;0;2;0;0;2;0;0;2;1;-20.61942;-40.51788
249611.0;2019-11-15;sexta-feira;08:30:00;101.0;291.0;CARIACICA;Falta de Atenção à Condução;Colisão lateral;Com Vítimas Feridas;Pleno dia;Crescente;Céu Claro;Dupla;Reta;1;2;0;0;1;1;0;1;2;-20.29756;-40.394459999999995
249640.0;2019-11-15;sexta-feira;10:00:00;101.0;106.0;SOORETAMA;Falta de Atenção à Condução;Queda de ocupante de veículo;Com Vítimas Feridas;Pleno dia;Decrescente;Garoa/Chuvisco;Simples;Reta;0;1;0;0;1;0;0;1;1;-19.029410000000002;-40.018879999999996
249722.0;2019-11-15;sexta-feira;15:30:00;101.0;266.3;SERRA;Falta de Atenção do Pedestre;Atropelamento de Pedestre;Com Vítimas Feridas;Pleno dia;Crescente;Garoa/Chuvisco;Dupla;Não Informado;1;3;0;1;0;1;1;1;1;-20.1902;-40.26829
249750.0;2019-11-15;sexta-feira;17:30:00;101.0;147.3;LINHARES;Desobediência às normas de trânsito pelo condutor;Colisão frontal;Com Vítimas Feridas;Anoitecer;Decrescente;Nublado;Simples;Reta;1;5;0;1;2;2;0;3;4;-19.378870000000003;-40.06658
249765.0;2019-11-15;sexta-feira;18:30:00;101.0;103.5;SOORETAMA;Falta de Atenção à Condução;Tombamento;Com Vítimas Feridas;Plena Noite;Decrescente;Garoa/Chuvisco;Simples;Reta;0;1;0;1;0;0;0;1;1;-19.00477;-40.00711
249776.0;2019-11-15;sexta-feira;18:50:00;101.0;265.7;SERRA;Não guardar distância de segurança;Colisão traseira;Com Vítimas Feridas;Plena Noite;Decrescente;Chuva;Múltipla;Reta;1;2;0;1;0;1;0;1;2;-20.18719;-40.267959999999995
249786.0;2019-11-15;sexta-feira;20:10:00;101.0;325.3;GUARAPARI;Defeito Mecânico no Veículo;Tombamento;Com Vítimas Feridas;Plena Noite;Crescente;Chuva;Dupla;Curva;0;2;0;2;0;0;0;2;1;-20.55491;-40.48065
249819.0;2019-11-16;sábado;01:20:00;101.0;293.8;CARIACICA;Falta de Atenção à Condução;Colisão com objeto estático;Com Vítimas Feridas;Plena Noite;Crescente;Nublado;Dupla;Curva;1;3;0;3;0;0;0;3;1;-20.315260000000002;-40.39567
249829.0;2019-11-16;sábado;04:00:00;101.0;406.7;ITAPEMIRIM;Condutor Dormindo;Tombamento;Com Vítimas Feridas;Plena Noite;Crescente;Chuva;Simples;Curva;0;1;0;1;0;0;0;1;1;-20.89304;-41.027809999999995
249890.0;2019-11-16;sábado;11:50:00;101.0;228.2;FUNDAO;Falta de Atenção à Condução;Colisão com objeto estático;Com Vítimas Feridas;Pleno dia;Decrescente;Nublado;Simples;Curva;0;2;0;0;2;0;0;2;1;-19.918689999999998;-40.40571
249892.0;2019-11-16;sábado;08:32:00;101.0;70.0;SAO MATEUS;Pista Escorregadia;Saída de leito carroçável;Com Vítimas Feridas;Pleno dia;Crescente;Garoa/Chuvisco;Simples;Reta;0;2;0;2;0;0;0;2;1;-18.74454;-39.86165
249937.0;2019-11-16;sábado;12:00:00;262.0;6.3;CARIACICA;Defeito Mecânico no Veículo;Danos eventuais;Sem Vítimas;Pleno dia;Crescente;Nublado;Múltipla;Interseção de vias;1;1;0;0;0;1;0;0;1;-20.34007;-40.39451
249969.0;2019-11-16;sábado;16:20:00;393.0;2.0;CACHOEIRO DE ITAPEMIRIM;Desobediência às normas de trânsito pelo condutor;Colisão frontal;Com Vítimas Feridas;Pleno dia;Crescente;Nublado;Simples;Reta;1;2;0;0;2;0;0;2;2;-20.83243;-41.17491
249984.0;2019-11-16;sábado;20:20:00;259.0;99.0;BAIXO GUANDU;Falta de Atenção à Condução;Colisão transversal;Com Vítimas Feridas;Plena Noite;Crescente;Nublado;Simples;Reta;1;3;0;1;1;1;0;2;2;-19.51537;-40.98652
249995.0;2019-11-16;sábado;20:00:00;262.0;2.0;CARIACICA;Ingestão de Álcool;Colisão lateral;Com Vítimas Feridas;Plena Noite;Decrescente;Garoa/Chuvisco;Dupla;Reta;1;2;0;0;2;0;0;2;2;-20.33276;-40.36078
250004.0;2019-11-16;sábado;21:45:00;101.0;270.3;SERRA;Desobediência às normas de trânsito pelo condutor;Tombamento;Com Vítimas Feridas;Plena Noite;Decrescente;Nublado;Múltipla;Interseção de vias;1;3;0;1;0;2;0;1;2;-20.22662;-40.27075
250059.0;2019-11-17;domingo;07:10:00;101.0;266.2;SERRA;Sinalização da via insuficiente ou inadequada;Colisão transversal;Com Vítimas Feridas;Pleno dia;Decrescente;Nublado;Múltipla;Não Informado;1;3;0;1;0;2;0;1;2;-20.19342;-40.26854
250079.0;2019-11-17;domingo;08:25:00;262.0;33.6;DOMINGOS MARTINS;Falta de Atenção à Condução;Colisão lateral;Com Vítimas Feridas;Pleno dia;Decrescente;Nublado;Simples;Curva;0;3;0;2;0;0;1;2;2;-20.37531;-40.58807
250121.0;2019-11-17;domingo;13:30:00;101.0;149.2;LINHARES;Falta de Atenção à Condução;Colisão transversal;Com Vítimas Feridas;Pleno dia;Decrescente;Chuva;Dupla;Interseção de vias;1;4;0;1;0;3;0;1;2;-19.39619;-40.06436
250135.0;2019-11-17;domingo;11:50:00;482.0;95.1;ALEGRE;Mal Súbito;Tombamento;Com Vítimas Feridas;Pleno dia;Decrescente;Nublado;Simples;Reta;0;1;0;1;0;0;0;1;1;-20.75715;-41.57895
250138.0;2019-11-17;domingo;14:50:00;262.0;115.7;CONCEICAO DO CASTELO;Ingestão de Álcool;Colisão lateral;Com Vítimas Feridas;Pleno dia;Decrescente;Nublado;Simples;Reta;0;2;0;1;0;1;0;1;2;-20.32054;-41.21864
250205.0;2019-11-17;domingo;18:10:00;101.0;160.0;LINHARES;Ingestão de Álcool;Colisão traseira;Sem Vítimas;Plena Noite;Crescente;Nublado;Simples;Reta;0;5;0;0;0;5;0;0;2;-19.47663;-40.11403
250268.0;2019-11-17;domingo;23:30:00;101.0;139.0;LINHARES;Não guardar distância de segurança;Colisão traseira;Com Vítimas Feridas;Plena Noite;Decrescente;Nublado;Simples;Reta;0;3;0;1;1;0;1;2;2;-19.31017;-40.07997
250338.0;2019-11-18;segunda-feira;08:30:00;101.0;282.8;CARIACICA;Velocidade Incompatível;Capotamento;Com Vítimas Feridas;Pleno dia;Decrescente;Garoa/Chuvisco;Dupla;Retorno Regulamentado;1;2;0;2;0;0;0;2;1;-20.22694;-40.36458
250353.0;2019-11-18;segunda-feira;09:50:00;101.0;148.0;LINHARES;Desobediência às normas de trânsito pelo condutor;Colisão transversal;Com Vítimas Feridas;Pleno dia;Decrescente;Chuva;Simples;Interseção de vias;1;2;0;1;0;1;0;1;2;-19.38787;-40.06753
250435.0;2019-11-18;segunda-feira;17:50:00;101.0;181.0;ARACRUZ;Falta de Atenção à Condução;Colisão transversal;Com Vítimas Feridas;Anoitecer;Crescente;Chuva;Simples;Interseção de vias;0;2;0;1;0;0;1;1;2;-19.63125;-40.22615
250454.0;2019-11-18;segunda-feira;19:20:00;101.0;266.4;SERRA;Desobediência às normas de trânsito pelo condutor;Colisão transversal;Com Vítimas Feridas;Plena Noite;Decrescente;Chuva;Múltipla;Interseção de vias;1;2;0;0;1;1;0;1;2;-20.1902;-40.26829
250475.0;2019-11-18;segunda-feira;20:20:00;101.0;294.2;CARIACICA;Desobediência às normas de trânsito pelo condutor;Colisão traseira;Com Vítimas Feridas;Plena Noite;Decrescente;Chuva;Dupla;Desvio Temporário;1;3;0;1;0;2;0;1;2;-20.32416;-40.39529
250481.0;2019-11-18;segunda-feira;21:50:00;101.0;266.0;SERRA;Não guardar distância de segurança;Colisão traseira;Com Vítimas Feridas;Plena Noite;Decrescente;Céu Claro;Dupla;Reta;1;1;0;1;0;0;0;1;1;-20.1902;-40.26829
250532.0;2019-11-19;terça-feira;08:40:00;101.0;268.0;SERRA;Falta de Atenção à Condução;Colisão traseira;Com Vítimas Feridas;Pleno dia;Crescente;Nublado;Dupla;Reta;1;2;0;0;1;1;0;1;2;-20.20842;-40.2694
250549.0;2019-11-19;terça-feira;10:50:00;101.0;1.0;SERRA;Falta de Atenção à Condução;Tombamento;Com Vítimas Feridas;Pleno dia;Crescente;Nublado;Dupla;Reta;1;1;0;0;1;0;0;1;1;-20.129089999999998;-40.30812
250607.0;2019-11-19;terça-feira;15:30:00;101.0;37.8;CONCEICAO DA BARRA;Falta de Atenção à Condução;Colisão transversal;Com Vítimas Feridas;Pleno dia;Decrescente;Nublado;Simples;Interseção de vias;0;3;0;2;0;1;0;2;2;-18.479129999999998;-39.9248
250609.0;2019-11-19;terça-feira;17:10:00;101.0;298.9;VIANA;Defeito na Via;Tombamento;Com Vítimas Feridas;Anoitecer;Decrescente;Chuva;Simples;Reta;1;1;0;1;0;0;0;1;1;-20.35374;-40.41564
250618.0;2019-11-19;terça-feira;17:20:00;101.0;201.3;JOAO NEIVA;Ultrapassagem Indevida;Colisão lateral;Com Vítimas Feridas;Plena Noite;Decrescente;Chuva;Simples;Reta;0;2;0;0;1;1;0;1;2;-19.733620000000002;-40.3612
250688.0;2019-11-20;quarta-feira;05:40:00;101.0;285.0;CARIACICA;Desobediência às normas de trânsito pelo condutor;Colisão traseira;Com Vítimas Feridas;Pleno dia;Crescente;Chuva;Simples;Desvio Temporário;1;2;0;1;0;1;0;1;2;-20.25158;-40.37262
250758.0;2019-11-20;quarta-feira;15:00:00;101.0;295.0;CARIACICA;Falta de Atenção à Condução;Colisão traseira;Com Vítimas Feridas;Pleno dia;Crescente;Chuva;Múltipla;Reta;1;2;0;1;0;1;0;1;2;-20.33224;-40.40005
250795.0;2019-11-20;quarta-feira;18:30:00;101.0;216.9;IBIRACU;Defeito Mecânico no Veículo;Incêndio;Sem Vítimas;Plena Noite;Crescente;Chuva;Dupla;Reta;0;1;0;0;0;1;0;0;1;-19.83935;-40.383520000000004
250879.0;2019-11-21;quinta-feira;06:30:00;101.0;241.0;SERRA;Defeito Mecânico no Veículo;Colisão com objeto estático;Com Vítimas Feridas;Pleno dia;Crescente;Chuva;Simples;Curva;0;2;0;1;0;1;0;1;1;-20.0239;-40.39998
250935.0;2019-11-21;quinta-feira;09:30:00;101.0;359.0;ANCHIETA;Velocidade Incompatível;Colisão transversal;Sem Vítimas;Pleno dia;Crescente;Nublado;Simples;Não Informado;0;3;0;0;0;2;1;0;2;-20.69768;-40.71161