id;data_inversa;dia_semana;horario;br;km;municipio;causa_acidente;tipo_acidente;classificacao_acidente;fase_dia;sentido_via;condicao_metereologica;tipo_pista;tracado_via;uso_solo;pessoas;mortos;feridos_leves;feridos_graves;ilesos;ignorados;feridos;veiculos;latitude;longitude
250941.0;2019-09-30;segunda-feira;09:00:00;101.0;395.5;RIO NOVO DO SUL;Desobediência às normas de trânsito pelo condutor;Colisão lateral;Com Vítimas Feridas;Pleno dia;Crescente;Chuva;Simples;Reta;1;3;0;0;2;1;0;2;2;-20.86594;-40.93258
250968.0;2019-11-21;quinta-feira;15:00:00;259.0;88.3;BAIXO GUANDU;Falta de Atenção à Condução;Colisão com objeto estático;Com Vítimas Feridas;Pleno dia;Crescente;Chuva;Simples;Curva;0;3;0;0;3;0;0;3;1;-19.52346;-40.90031
250991.0;2019-11-21;quinta-feira;17:40:00;101.0;66.9;SAO MATEUS;Desobediência às normas de trânsito pelo condutor;Tombamento;Com Vítimas Feridas;Anoitecer;Crescente;Céu Claro;Dupla;Reta;1;1;0;1;0;0;0;1;1;-18.716520000000003;-39.874359999999996
251056.0;2019-11-21;quinta-feira;21:00:00;262.0;57.3;MARECHAL FLORIANO;Desobediência às normas de trânsito pelo pedestre;Atropelamento de Pedestre;Com Vítimas Fatais;Plena Noite;Decrescente;Chuva;Simples;Não Informado;0;2;1;0;0;0;1;0;1;-20.42073;-40.783120000000004
251076.0;2019-11-22;sexta-feira;07:00:00;101.0;260.5;SERRA;Velocidade Incompatível;Colisão transversal;Com Vítimas Feridas;Pleno dia;Decrescente;Chuva;Dupla;Curva;1;3;0;1;0;2;0;1;2;-20.146160000000002;-40.28836
251104.0;2019-11-22;sexta-feira;08:50:00;101.0;294.0;CARIACICA;Falta de Atenção à Condução;Colisão traseira;Sem Vítimas;Pleno dia;Crescente;Chuva;Dupla;Não Informado;1;2;0;0;0;2;0;0;2;-20.32416;-40.39529
251108.0;2019-09-08;domingo;11:20:00;262.0;67.0;MARECHAL FLORIANO;Velocidade Incompatível;Colisão com objeto estático;Com Vítimas Feridas;Pleno dia;Decrescente;Céu Claro;Simples;Curva;0;1;0;0;1;0;0;1;1;-20.41527;-40.845490000000005
251115.0;2019-09-14;sábado;19:27:00;101.0;1.3;CARIACICA;Falta de Atenção à Condução;Tombamento;Com Vítimas Feridas;Plena Noite;Crescente;Nublado;Dupla;Reta;1;1;0;0;1;0;0;1;1;-20.33181;-40.35512
251134.0;2019-11-22;sexta-feira;12:00:00;101.0;65.4;SAO MATEUS;Não guardar distância de segurança;Colisão lateral;Com Vítimas Feridas;Pleno dia;Decrescente;Nublado;Dupla;Reta;1;2;0;0;1;0;1;1;2;-18.70936;-39.87762
251153.0;2019-11-22;sexta-feira;06:40:00;482.0;18.8;CACHOEIRO DE ITAPEMIRIM;Velocidade Incompatível;Tombamento;Com Vítimas Feridas;Pleno dia;Crescente;Nublado;Simples;Curva;0;1;0;1;0;0;0;1;1;-20.83233;-41.08892
251185.0;2019-11-22;sexta-feira;16:25:00;101.0;271.8;SERRA;Agressão Externa;Danos eventuais;Com Vítimas Feridas;Pleno dia;Crescente;Nublado;Dupla;Reta;1;1;0;1;0;0;0;1;1;-20.232670000000002;-40.276579999999996
251231.0;2019-11-22;sexta-feira;19:20:00;101.0;287.5;CARIACICA;Falta de Atenção à Condução;Colisão traseira;Com Vítimas Feridas;Pleno dia;Crescente;Nublado;Dupla;Reta;1;2;0;0;1;1;0;1;2;-20.267960000000002;-40.38827
251243.0;2019-11-22;sexta-feira;20:00:00;262.0;158.0;IBATIBA;Desobediência às normas de trânsito pelo condutor;Colisão frontal;Com Vítimas Feridas;Plena Noite;Crescente;Céu Claro;Simples;Reta;1;3;0;0;2;1;0;2;2;-20.23111;-41.49626
251263.0;2019-11-22;sexta-feira;08:40:00;101.0;368.7;ANCHIETA;Carga excessiva e/ou mal acondicionada;Derramamento de carga;Sem Vítimas;Pleno dia;Crescente;Nublado;Simples;Curva;0;1;0;0;0;1;0;0;1;-20.75375;-40.75895
251280.0;2019-11-23;sábado;00:45:00;262.0;37.1;DOMINGOS MARTINS;Ingestão de álcool e/ou substâncias psicoativas pelo pedestre;Atropelamento de Pedestre;Com Vítimas Fatais;Plena Noite;Decrescente;Nublado;Simples;Curva;0;2;1;0;0;0;1;0;1;-20.38128;-40.611509999999996
251281.0;2019-11-23;sábado;01:05:00;101.0;149.0;LINHARES;Desobediência às normas de trânsito pelo condutor;Colisão lateral;Sem Vítimas;Plena Noite;Crescente;Céu Claro;Dupla;Reta;1;2;0;0;0;0;2;0;2;-19.39619;-40.06436
251304.0;2019-11-23;sábado;05:10:00;101.0;79.3;SAO MATEUS;Defeito Mecânico no Veículo;Incêndio;Sem Vítimas;Pleno dia;Crescente;Sol;Simples;Reta;0;1;0;0;0;1;0;0;1;-18.81418;-39.90122
251342.0;2019-11-23;sábado;10:00:00;101.0;269.0;SERRA;Sinalização da via insuficiente ou inadequada;Colisão transversal;Com Vítimas Feridas;Pleno dia;Crescente;Céu Claro;Dupla;Reta;0;2;0;2;0;0;0;2;2;-20.2174;-40.269909999999996
251346.0;2019-11-23;sábado;10:10:00;101.0;125.0;SOORETAMA;Falta de Atenção à Condução;Colisão com objeto estático;Com Vítimas Feridas;Pleno dia;Crescente;Céu Claro;Simples;Reta;0;1;0;1;0;0;0;1;1;-19.18496;-40.0943
251430.0;2019-11-23;sábado;19:00:00;101.0;268.1;SERRA;Desobediência às normas de trânsito pelo condutor;Colisão lateral;Com Vítimas Feridas;Plena Noite;Decrescente;Vento;Dupla;Reta;1;3;0;0;1;0;2;1;2;-20.20842;-40.2694
251467.0;2019-11-23;sábado;22:00:00;101.0;262.0;SERRA;Falta de Atenção à Condução;Colisão traseira;Com Vítimas Feridas;Plena Noite;Crescente;Chuva;Dupla;Reta;1;3;0;0;1;2;0;1;3;-20.15723;-40.27678
251470.0;2019-11-23;sábado;22:10:00;262.0;46.0;MARECHAL FLORIANO;Falta de Atenção à Condução;Colisão frontal;Com Vítimas Feridas;Plena Noite;Decrescente;Chuva;Simples;Reta;1;2;0;0;1;1;0;1;2;-20.40566;-40.6728
251474.0;2019-11-23;sábado;22:30:00;101.0;262.0;SERRA;Desobediência às normas de trânsito pelo condutor;Colisão transversal;Com Vítimas Feridas;Plena Noite;Crescente;Chuva;Dupla;Reta;1;3;0;0;2;1;0;2;2;-20.15723;-40.27678
251501.0;2019-11-24;domingo;00:10:00;101.0;266.5;SERRA;Ingestão de Álcool;Colisão traseira;Com Vítimas Feridas;Plena Noite;Decrescente;Chuva;Dupla;Não Informado;1;3;0;0;1;2;0;1;3;-20.1902;-40.26829
251502.0;2019-11-23;sábado;21:05:00;101.0;272.2;SERRA;Desobediência às normas de trânsito pelo condutor;Colisão com objeto estático;Sem Vítimas;Plena Noite;Decrescente;Chuva;Dupla;Reta;0;1;0;0;0;0;1;0;1;-20.22105;-40.29013
251541.0;2019-11-24;domingo;05:30:00;101.0;142.0;LINHARES;Falta de Atenção à Condução;Colisão lateral;Com Vítimas Feridas;Pleno dia;Crescente;Céu Claro;Simples;Reta;1;2;0;1;0;1;0;1;2;-19.33459;-40.06755
251601.0;2019-11-24;domingo;12:10:00;101.0;271.3;SERRA;Desobediência às normas de trânsito pelo condutor;Colisão transversal;Com Vítimas Fatais;Pleno dia;Crescente;Nublado;Múltipla;Reta;1;4;1;0;1;2;0;1;3;-20.232670000000002;-40.276579999999996
251659.0;2019-11-24;domingo;12:15:00;101.0;147.0;LINHARES;Falta de Atenção à Condução;Colisão com objeto estático;Sem Vítimas;Pleno dia;Crescente;Sol;Simples;Reta;1;1;0;0;0;1;0;0;1;-19.378870000000003;-40.06658
251660.0;2019-11-24;domingo;17:50:00;101.0;182.2;ARACRUZ;Pista Escorregadia;Colisão transversal;Com Vítimas Fatais;Anoitecer;Crescente;Garoa/Chuvisco;Simples;Curva;0;6;1;0;5;0;0;5;2;-19.638679999999997;-40.23155
251690.0;2019-11-24;domingo;18:50:00;262.0;158.6;IBATIBA;Velocidade Incompatível;Saída de leito carroçável;Sem Vítimas;Plena Noite;Crescente;Nublado;Múltipla;Não Informado;1;3;0;0;0;0;3;0;2;-20.23111;-41.49626
251754.0;2019-11-25;segunda-feira;04:20:00;259.0;10.2;JOAO NEIVA;Condutor Dormindo;Colisão com objeto estático;Com Vítimas Fatais;Amanhecer;Decrescente;Nublado;Simples;Reta;1;7;4;0;3;0;0;3;1;-19.66651;-40.40359
251776.0;2019-11-25;segunda-feira;07:00:00;259.0;53.0;COLATINA;Não guardar distância de segurança;Colisão traseira;Com Vítimas Feridas;Pleno dia;Crescente;Céu Claro;Dupla;Curva;0;2;0;0;1;1;0;1;2;-19.4999;-40.6294
251792.0;2019-11-25;segunda-feira;07:10:00;101.0;271.0;SERRA;Falta de Atenção à Condução;Colisão transversal;Com Vítimas Feridas;Pleno dia;Decrescente;Sol;Múltipla;Retorno Regulamentado;1;2;0;1;0;1;0;1;2;-20.232670000000002;-40.276579999999996
251798.0;2019-11-25;segunda-feira;08:50:00;101.0;270.0;SERRA;Falta de Atenção do Pedestre;Atropelamento de Pedestre;Com Vítimas Feridas;Pleno dia;Crescente;Céu Claro;Dupla;Curva;0;4;0;1;1;1;1;2;1;-20.22662;-40.27075
251814.0;2019-09-13;sexta-feira;06:40:00;101.0;268.0;SERRA;Falta de Atenção à Condução;Tombamento;Com Vítimas Feridas;Pleno dia;Crescente;Céu Claro;Dupla;Reta;1;1;0;0;1;0;0;1;1;-20.21115;-40.26976
251817.0;2019-11-25;segunda-feira;11:00:00;259.0;62.0;COLATINA;Falta de Atenção à Condução;Colisão traseira;Com Vítimas Feridas;Pleno dia;Crescente;Nublado;Simples;Reta;1;2;0;1;0;1;0;1;2;-19.53124;-40.68991
251820.0;2019-11-25;segunda-feira;11:00:00;101.0;2.0;SERRA;Não guardar distância de segurança;Colisão traseira;Sem Vítimas;Pleno dia;Crescente;Sol;Dupla;Reta;1;3;0;0;0;3;0;0;3;-20.252879999999998;-40.28812
251892.0;2019-11-25;segunda-feira;18:40:00;101.0;266.5;SERRA;Desobediência às normas de trânsito pelo pedestre;Atropelamento de Pedestre;Com Vítimas Feridas;Plena Noite;Crescente;Céu Claro;Múltipla;Reta;1;2;0;0;1;1;0;1;1;-20.1902;-40.26829
251894.0;2019-11-25;segunda-feira;18:30:00;262.0;172.0;IBATIBA;Desobediência às normas de trânsito pelo condutor;Colisão frontal;Com Vítimas Fatais;Anoitecer;Decrescente;Nublado;Simples;Reta;0;48;1;38;9;0;0;47;2;-20.2687;-41.60593
251999.0;2019-11-26;terça-feira;08:20:00;262.0;41.6;DOMINGOS MARTINS;Velocidade Incompatível;Tombamento;Com Vítimas Feridas;Pleno dia;Decrescente;Céu Claro;Simples;Não Informado;0;1;0;1;0;0;0;1;1;-20.386120000000002;-40.65056
252049.0;2019-11-26;terça-feira;16:30:00;101.0;279.7;SERRA;Velocidade Incompatível;Tombamento;Com Vítimas Feridas;Pleno dia;Decrescente;Nublado;Dupla;Curva;0;2;0;2;0;0;0;2;1;-20.21829;-40.34896
252092.0;2019-11-26;terça-feira;22:00:00;101.0;2.0;SERRA;Defeito na Via;Tombamento;Com Vítimas Feridas;Plena Noite;Decrescente;Nublado;Dupla;Reta;1;2;0;2;0;0;0;2;1;-20.249010000000002;-40.28532
252096.0;2019-11-26;terça-feira;22:30:00;101.0;256.0;SERRA;Desobediência às normas de trânsito pelo condutor;Colisão lateral;Com Vítimas Feridas;Plena Noite;Decrescente;Nublado;Dupla;Não Informado;1;2;0;1;0;0;1;1;2;-20.119120000000002;-40.311009999999996
252138.0;2019-11-27;quarta-feira;07:00:00;101.0;70.2;SAO MATEUS;Falta de Atenção à Condução;Colisão lateral;Com Vítimas Feridas;Pleno dia;Crescente;Céu Claro;Simples;Reta;1;2;0;1;1;0;0;2;2;-18.74454;-39.86165
252231.0;2019-11-27;quarta-feira;15:05:00;101.0;263.0;SERRA;Agressão Externa;Tombamento;Com Vítimas Feridas;Pleno dia;Decrescente;Nublado;Dupla;Reta;0;2;0;1;0;0;1;1;2;-20.16555;-40.27302
252263.0;2019-11-27;quarta-feira;17:20:00;101.0;287.0;CARIACICA;Defeito Mecânico no Veículo;Tombamento;Com Vítimas Feridas;Pleno dia;Crescente;Céu Claro;Dupla;Reta;1;2;0;2;0;0;0;2;1;-20.26494;-40.38472
252286.0;2019-11-27;quarta-feira;19:20:00;101.0;414.5;CACHOEIRO DE ITAPEMIRIM;Não guardar distância de segurança;Colisão transversal;Com Vítimas Feridas;Plena Noite;Crescente;Céu Claro;Simples;Curva;0;2;0;0;1;0;1;1;2;-20.92675;-41.078720000000004
252306.0;2019-11-27;quarta-feira;21:00:00;262.0;141.9;MUNIZ FREIRE;Desobediência às normas de trânsito pelo condutor;Colisão transversal;Com Vítimas Feridas;Plena Noite;Crescente;Nublado;Simples;Curva;0;2;0;0;1;0;1;1;2;-20.22929;-41.37705
252357.0;2019-11-28;quinta-feira;07:30:00;101.0;297.0;CARIACICA;Falta de Atenção à Condução;Colisão traseira;Com Vítimas Feridas;Pleno dia;Crescente;Céu Claro;Dupla;Curva;1;1;0;1;0;0;0;1;1;-20.3453;-40.410270000000004
252370.0;2019-11-28;quinta-feira;08:45:00;101.0;182.0;ARACRUZ;Falta de Atenção à Condução;Engavetamento;Sem Vítimas;Pleno dia;Decrescente;Sol;Simples;Reta;0;3;0;0;0;3;0;0;3;-19.638679999999997;-40.23155
252381.0;2019-10-31;quinta-feira;17:30:00;101.0;1.9;VITORIA;Falta de Atenção à Condução;Colisão lateral;Com Vítimas Feridas;Anoitecer;Decrescente;Sol;Simples;Reta;1;2;0;1;0;1;0;1;2;-20.3154;-40.3018
252398.0;2019-11-28;quinta-feira;11:30:00;101.0;320.3;GUARAPARI;Falta de Atenção à Condução;Colisão traseira;Com Vítimas Feridas;Pleno dia;Crescente;Céu Claro;Simples;Reta;0;1;0;1;0;0;0;1;1;-20.51234;-40.47639
252419.0;2019-11-28;quinta-feira;10:50:00;101.0;298.0;VIANA;Falta de Atenção à Condução;Colisão traseira;Com Vítimas Feridas;Pleno dia;Decrescente;Céu Claro;Dupla;Reta;0;2;0;0;1;1;0;1;2;-20.35374;-40.41564
252468.0;2019-11-28;quinta-feira;18:25:00;101.0;144.6;LINHARES;Falta de Atenção à Condução;Colisão transversal;Com Vítimas Feridas;Plena Noite;Crescente;Céu Claro;Múltipla;Reta;1;3;0;3;0;0;0;3;2;-19.35914;-40.0645
252472.0;2019-11-28;quinta-feira;18:50:00;101.0;268.1;SERRA;Falta de Atenção à Condução;Colisão traseira;Com Vítimas Feridas;Plena Noite;Decrescente;Céu Claro;Múltipla;Reta;0;3;0;1;1;1;0;2;2;-20.20842;-40.2694
252584.0;2019-11-29;sexta-feira;08:00:00;101.0;267.0;SERRA;Não guardar distância de segurança;Colisão lateral;Com Vítimas Feridas;Pleno dia;Crescente;Nublado;Dupla;Reta;1;2;0;1;0;1;0;1;2;-20.19931;-40.26885
252664.0;2019-11-29;sexta-feira;15:10:00;262.0;35.7;DOMINGOS MARTINS;Pista Escorregadia;Colisão com objeto estático;Com Vítimas Feridas;Pleno dia;Decrescente;Chuva;Simples;Curva;0;1;0;0;1;0;0;1;1;-20.380020000000002;-40.59517
252665.0;2019-11-29;sexta-feira;15:50:00;262.0;3.8;CARIACICA;Desobediência às normas de trânsito pelo condutor;Colisão lateral;Com Vítimas Feridas;Pleno dia;Decrescente;Nublado;Dupla;Reta;1;4;0;0;1;3;0;1;4;-20.33605;-40.3773
252672.0;2019-11-29;sexta-feira;14:20:00;262.0;165.0;IBATIBA;Desobediência às normas de trânsito pelo condutor;Colisão transversal;Sem Vítimas;Pleno dia;Crescente;Chuva;Simples;Interseção de vias;0;2;0;0;0;2;0;0;2;-20.24911;-41.55151
252698.0;2019-11-29;sexta-feira;17:50:00;262.0;52.2;DOMINGOS MARTINS;Desobediência às normas de trânsito pelo condutor;Colisão frontal;Com Vítimas Feridas;Anoitecer;Crescente;Chuva;Simples;Não Informado;0;2;0;1;0;1;0;1;2;-20.413629999999998;-40.723659999999995
252717.0;2019-11-29;sexta-feira;18:40:00;262.0;4.3;CARIACICA;Falta de Atenção do Pedestre;Atropelamento de Pedestre;Com Vítimas Feridas;Plena Noite;Crescente;Nublado;Múltipla;Reta;1;3;0;3;0;0;0;3;1;-20.33609;-40.37813
252722.0;2019-11-29;sexta-feira;19:10:00;101.0;263.5;SERRA;Desobediência às normas de trânsito pelo condutor;Colisão lateral;Com Vítimas Feridas;Plena Noite;Decrescente;Céu Claro;Múltipla;Reta;1;3;0;1;0;2;0;1;3;-20.17679;-40.26577
252725.0;2019-11-29;sexta-feira;19:25:00;262.0;5.7;CARIACICA;Desobediência às normas de trânsito pelo condutor;Colisão transversal;Com Vítimas Feridas;Plena Noite;Decrescente;Nublado;Múltipla;Interseção de vias;1;2;0;1;0;1;0;1;2;-20.33707;-40.3865
252753.0;2019-11-29;sexta-feira;19:30:00;262.0;122.0;CONCEICAO DO CASTELO;Pista Escorregadia;Queda de ocupante de veículo;Sem Vítimas;Plena Noite;Crescente;Chuva;Simples;Reta;0;1;0;0;0;0;1;0;1;-20.29354;-41.23937
252778.0;2019-11-30;sábado;00:30:00;101.0;269.0;SERRA;Falta de Atenção à Condução;Atropelamento de Pedestre;Sem Vítimas;Plena Noite;Crescente;Nublado;Múltipla;Interseção de vias;1;2;0;0;0;2;0;0;1;-20.2174;-40.269909999999996
252878.0;2019-11-30;sábado;14:30:00;262.0;1.8;CARIACICA;Falta de Atenção à Condução;Colisão traseira;Sem Vítimas;Pleno dia;Decrescente;Nublado;Dupla;Reta;1;2;0;0;0;2;0;0;2;-20.32955;-40.354929999999996
252880.0;2019-11-30;sábado;14:40:00;262.0;105.9;VENDA NOVA DO IMIGRANTE;Velocidade Incompatível;Atropelamento de Pedestre;Com Vítimas Feridas;Pleno dia;Crescente;Nublado;Simples;Reta;1;2;0;1;1;0;0;2;1;-20.32625;-41.13599
252892.0;2019-11-30;sábado;15:40:00;101.0;67.5;SAO MATEUS;Falta de Atenção à Condução;Colisão transversal;Com Vítimas Feridas;Pleno dia;Crescente;Nublado;Simples;Interseção de vias;1;3;0;1;0;2;0;1;2;-18.72054;-39.86589
252910.0;2019-11-30;sábado;16:40:00;101.0;278.6;SERRA;Ingestão de Álcool;Colisão com objeto estático;Com Vítimas Feridas;Pleno dia;Decrescente;Nublado;Dupla;Reta;0;1;0;1;0;0;0;1;1;-20.21698;-40.32975
252914.0;2019-11-30;sábado;18:00:00;101.0;0.5;SERRA;Ingestão de Álcool;Colisão traseira;Sem Vítimas;Plena Noite;Crescente;Nublado;Dupla;Reta;1;4;0;0;0;4;0;0;4;-20.129089999999998;-40.30812
252920.0;2019-11-30;sábado;17:15:00;259.0;49.0;COLATINA;Defeito na Via;Queda de ocupante de veículo;Com Vítimas Feridas;Anoitecer;Crescente;Céu Claro;Simples;Não Informado;0;1;0;1;0;0;0;1;1;-19.518729999999998;-40.60041
252935.0;2019-11-30;sábado;19:10:00;101.0;293.9;CARIACICA;Desobediência às normas de trânsito pelo condutor;Atropelamento de Pedestre;Com Vítimas Feridas;Plena Noite;Decrescente;Nublado;Múltipla;Reta;1;2;0;0;1;0;1;1;1;-20.32222;-40.39525
252936.0;2019-11-30;sábado;19:00:00;101.0;287.0;CARIACICA;Desobediência às normas de trânsito pelo condutor;Colisão lateral;Com Vítimas Feridas;Plena Noite;Crescente;Nublado;Dupla;Reta;1;3;0;2;0;1;0;2;2;-20.26494;-40.38472
253005.0;2019-12-01;domingo;01:00:00;101.0;49.7;SAO MATEUS;Ingestão de Álcool;Colisão frontal;Com Vítimas Feridas;Plena Noite;Decrescente;Nublado;Simples;Interseção de vias;0;3;0;2;1;0;0;3;2;-18.582910000000002;-39.893209999999996
253025.0;2019-12-01;domingo;04:40:00;101.0;269.5;SERRA;Desobediência às normas de trânsito pelo condutor;Colisão transversal;Com Vítimas Feridas;Amanhecer;Crescente;Nublado;Múltipla;Interseção de vias;1;6;0;3;0;3;0;3;2;-20.22179;-40.27036
253035.0;2019-12-01;domingo;05:10:00;101.0;8.1;PEDRO CANARIO;Falta de Atenção à Condução;Colisão lateral;Com Vítimas Feridas;Amanhecer;Crescente;Nublado;Simples;Curva;0;7;0;3;2;2;0;5;3;-18.23028;-39.95278
253098.0;2019-12-01;domingo;12:05:00;101.0;123.0;SOORETAMA;Falta de Atenção à Condução;Colisão traseira;Com Vítimas Feridas;Pleno dia;Crescente;Céu Claro;Simples;Reta;0;2;0;1;0;1;0;1;2;-19.16835;-40.08717
253120.0;2019-12-01;domingo;13:45:00;101.0;266.0;SERRA;Desobediência às normas de trânsito pelo condutor;Colisão transversal;Com Vítimas Feridas;Pleno dia;Crescente;Céu Claro;Dupla;Reta;0;2;0;1;0;0;1;1;2;-20.1902;-40.26829
253142.0;2019-12-01;domingo;08:20:00;259.0;30.9;COLATINA;Velocidade Incompatível;Tombamento;Com Vítimas Feridas;Pleno dia;Crescente;Nublado;Simples;Não Informado;0;1;0;1;0;0;0;1;1;-19.58775;-40.50932
253205.0;2019-12-01;domingo;20:30:00;101.0;370.8;ANCHIETA;Desobediência às normas de trânsito pelo condutor;Colisão transversal;Sem Vítimas;Plena Noite;Crescente;Chuva;Simples;Interseção de vias;0;3;0;0;0;2;1;0;2;-20.77094;-40.76338
253223.0;2019-12-01;domingo;19:20:00;101.0;309.0;VILA VELHA;Não guardar distância de segurança;Colisão transversal;Com Vítimas Feridas;Plena Noite;Crescente;Chuva;Simples;Reta;0;2;0;0;1;0;1;1;2;-20.417;-40.45985
253233.0;2019-12-01;domingo;22:10:00;393.0;16.8;MUQUI;Objeto estático sobre o leito carroçável;Colisão com objeto estático;Com Vítimas Feridas;Plena Noite;Crescente;Chuva;Simples;Reta;0;1;0;1;0;0;0;1;1;-20.88929;-41.28014
253278.0;2019-12-02;segunda-feira;06:15:00;101.0;213.0;IBIRACU;Falta de Atenção à Condução;Colisão transversal;Com Vítimas Feridas;Pleno dia;Decrescente;Garoa/Chuvisco;Simples;Reta;1;2;0;1;0;1;0;1;2;-19.823529999999998;-40.369820000000004
253313.0;2019-12-02;segunda-feira;10:00:00;262.0;139.1;MUNIZ FREIRE;Velocidade Incompatível;Queda de ocupante de veículo;Com Vítimas Feridas;Pleno dia;Crescente;Chuva;Simples;Curva;0;1;0;0;1;0;0;1;1;-20.23255;-41.36244
253327.0;2019-11-10;domingo;16:50:00;101.0;188.0;ARACRUZ;Falta de Atenção à Condução;Colisão lateral;Com Vítimas Feridas;Pleno dia;Decrescente;Céu Claro;Simples;Reta;0;4;0;0;2;2;0;2;3;-19.67569;-40.263690000000004
253334.0;2019-12-02;segunda-feira;12:30:00;262.0;5.5;CARIACICA;Desobediência às normas de trânsito pelo condutor;Colisão traseira;Com Vítimas Feridas;Pleno dia;Decrescente;Nublado;Simples;Interseção de vias;1;3;0;2;0;1;0;2;2;-20.33707;-40.3865
253368.0;2019-12-02;segunda-feira;15:15:00;101.0;283.0;CARIACICA;Defeito Mecânico no Veículo;Tombamento;Com Vítimas Feridas;Pleno dia;Crescente;Céu Claro;Dupla;Reta;1;1;0;0;1;0;0;1;1;-20.234379999999998;-40.36936
253383.0;2019-12-02;segunda-feira;17:00:00;101.0;298.0;VIANA;Falta de Atenção à Condução;Colisão lateral;Com Vítimas Feridas;Pleno dia;Crescente;Céu Claro;Dupla;Reta;1;2;0;1;0;1;0;1;2;-20.35374;-40.41564
253401.0;2019-12-02;segunda-feira;20:00:00;101.0;308.0;VIANA;Restrição de Visibilidade;Queda de ocupante de veículo;Com Vítimas Feridas;Plena Noite;Crescente;Chuva;Simples;Reta;0;1;0;1;0;0;0;1;1;-20.408089999999998;-40.45835
253450.0;2019-12-03;terça-feira;06:30:00;262.0;1.3;CARIACICA;Falta de Atenção à Condução;Colisão lateral;Com Vítimas Feridas;Pleno dia;Decrescente;Nublado;Dupla;Reta;1;2;0;1;0;1;0;1;2;-20.32955;-40.354929999999996
253489.0;2019-12-03;terça-feira;10:00:00;101.0;263.8;SERRA;Desobediência às normas de trânsito pelo condutor;Colisão transversal;Com Vítimas Feridas;Pleno dia;Decrescente;Céu Claro;Dupla;Interseção de vias;1;2;0;1;0;1;0;1;2;-20.16555;-40.27302
253583.0;2019-12-03;terça-feira;18:15:00;101.0;146.3;LINHARES;Não guardar distância de segurança;Engavetamento;Com Vítimas Feridas;Plena Noite;Decrescente;Nublado;Múltipla;Reta;1;6;0;2;0;4;0;2;4;-19.36991;-40.06561
253655.0;2019-12-04;quarta-feira;07:10:00;101.0;218.9;IBIRACU;Falta de Atenção à Condução;Saída de leito carroçável;Com Vítimas Feridas;Pleno dia;Decrescente;Garoa/Chuvisco;Dupla;Curva;0;2;0;1;0;1;0;1;1;-19.85576;-40.3826
253688.0;2019-12-04;quarta-feira;09:35:00;101.0;298.0;VIANA;Defeito Mecânico no Veículo;Colisão com objeto estático;Com Vítimas Feridas;Pleno dia;Crescente;Céu Claro;Dupla;Reta;1;1;0;1;0;0;0;1;1;-20.35374;-40.41564
253700.0;2019-12-04;quarta-feira;10:45:00;101.0;286.1;CARIACICA;Falta de Atenção do Pedestre;Atropelamento de Pedestre;Com Vítimas Feridas;Pleno dia;Decrescente;Chuva;Dupla;Curva;1;2;0;1;0;1;0;1;1;-20.25902;-40.37753